-- phpMyAdmin SQL Dump
-- version 5.2.1
-- https://www.phpmyadmin.net/
--
-- Host: localhost:3306
-- Waktu pembuatan: 14 Jun 2025 pada 16.33
-- Versi server: 8.0.30
-- Versi PHP: 8.3.9

SET SQL_MODE = "NO_AUTO_VALUE_ON_ZERO";
START TRANSACTION;
SET time_zone = "+00:00";


/*!40101 SET @OLD_CHARACTER_SET_CLIENT=@@CHARACTER_SET_CLIENT */;
/*!40101 SET @OLD_CHARACTER_SET_RESULTS=@@CHARACTER_SET_RESULTS */;
/*!40101 SET @OLD_COLLATION_CONNECTION=@@COLLATION_CONNECTION */;
/*!40101 SET NAMES utf8mb4 */;

--
-- Database: `so_rahil`
--

-- --------------------------------------------------------

--
-- Struktur dari tabel `cache`
--

CREATE TABLE `cache` (
  `key` varchar(255) COLLATE utf8mb4_unicode_ci NOT NULL,
  `value` mediumtext COLLATE utf8mb4_unicode_ci NOT NULL,
  `expiration` int NOT NULL
) ENGINE=InnoDB DEFAULT CHARSET=utf8mb4 COLLATE=utf8mb4_unicode_ci;

-- --------------------------------------------------------

--
-- Struktur dari tabel `cache_locks`
--

CREATE TABLE `cache_locks` (
  `key` varchar(255) COLLATE utf8mb4_unicode_ci NOT NULL,
  `owner` varchar(255) COLLATE utf8mb4_unicode_ci NOT NULL,
  `expiration` int NOT NULL
) ENGINE=InnoDB DEFAULT CHARSET=utf8mb4 COLLATE=utf8mb4_unicode_ci;

-- --------------------------------------------------------

--
-- Struktur dari tabel `failed_jobs`
--

CREATE TABLE `failed_jobs` (
  `id` bigint UNSIGNED NOT NULL,
  `uuid` varchar(255) COLLATE utf8mb4_unicode_ci NOT NULL,
  `connection` text COLLATE utf8mb4_unicode_ci NOT NULL,
  `queue` text COLLATE utf8mb4_unicode_ci NOT NULL,
  `payload` longtext COLLATE utf8mb4_unicode_ci NOT NULL,
  `exception` longtext COLLATE utf8mb4_unicode_ci NOT NULL,
  `failed_at` timestamp NOT NULL DEFAULT CURRENT_TIMESTAMP
) ENGINE=InnoDB DEFAULT CHARSET=utf8mb4 COLLATE=utf8mb4_unicode_ci;

-- --------------------------------------------------------

--
-- Struktur dari tabel `flutter_app_versions`
--

CREATE TABLE `flutter_app_versions` (
  `id` bigint UNSIGNED NOT NULL,
  `version_name` varchar(255) COLLATE utf8mb4_unicode_ci NOT NULL,
  `file_name` varchar(255) COLLATE utf8mb4_unicode_ci NOT NULL,
  `file_path` varchar(255) COLLATE utf8mb4_unicode_ci NOT NULL,
  `file_size` bigint UNSIGNED DEFAULT NULL,
  `release_notes` text COLLATE utf8mb4_unicode_ci,
  `is_active` tinyint(1) NOT NULL DEFAULT '0',
  `created_at` timestamp NULL DEFAULT NULL,
  `updated_at` timestamp NULL DEFAULT NULL
) ENGINE=InnoDB DEFAULT CHARSET=utf8mb4 COLLATE=utf8mb4_unicode_ci;

--
-- Dumping data untuk tabel `flutter_app_versions`
--

INSERT INTO `flutter_app_versions` (`id`, `version_name`, `file_name`, `file_path`, `file_size`, `release_notes`, `is_active`, `created_at`, `updated_at`) VALUES
(1, '1.0.0', 'app-debug.apk', 'flutter_apks/100_1748794819.apk', 100473282, 'uji upload', 0, '2025-06-01 16:20:23', '2025-06-02 16:57:33'),
(2, '2.0.1', 'app-release.apk', 'flutter_apks/201_1748838620.apk', 39782886, 'perbaikan bug dan meningkatkan performa', 1, '2025-06-02 04:30:20', '2025-06-02 16:57:33');

-- --------------------------------------------------------

--
-- Struktur dari tabel `jobs`
--

CREATE TABLE `jobs` (
  `id` bigint UNSIGNED NOT NULL,
  `queue` varchar(255) COLLATE utf8mb4_unicode_ci NOT NULL,
  `payload` longtext COLLATE utf8mb4_unicode_ci NOT NULL,
  `attempts` tinyint UNSIGNED NOT NULL,
  `reserved_at` int UNSIGNED DEFAULT NULL,
  `available_at` int UNSIGNED NOT NULL,
  `created_at` int UNSIGNED NOT NULL
) ENGINE=InnoDB DEFAULT CHARSET=utf8mb4 COLLATE=utf8mb4_unicode_ci;

-- --------------------------------------------------------

--
-- Struktur dari tabel `job_batches`
--

CREATE TABLE `job_batches` (
  `id` varchar(255) COLLATE utf8mb4_unicode_ci NOT NULL,
  `name` varchar(255) COLLATE utf8mb4_unicode_ci NOT NULL,
  `total_jobs` int NOT NULL,
  `pending_jobs` int NOT NULL,
  `failed_jobs` int NOT NULL,
  `failed_job_ids` longtext COLLATE utf8mb4_unicode_ci NOT NULL,
  `options` mediumtext COLLATE utf8mb4_unicode_ci,
  `cancelled_at` int DEFAULT NULL,
  `created_at` int NOT NULL,
  `finished_at` int DEFAULT NULL
) ENGINE=InnoDB DEFAULT CHARSET=utf8mb4 COLLATE=utf8mb4_unicode_ci;

-- --------------------------------------------------------

--
-- Struktur dari tabel `migrations`
--

CREATE TABLE `migrations` (
  `id` int UNSIGNED NOT NULL,
  `migration` varchar(255) COLLATE utf8mb4_unicode_ci NOT NULL,
  `batch` int NOT NULL
) ENGINE=InnoDB DEFAULT CHARSET=utf8mb4 COLLATE=utf8mb4_unicode_ci;

--
-- Dumping data untuk tabel `migrations`
--

INSERT INTO `migrations` (`id`, `migration`, `batch`) VALUES
(1, '0001_01_01_000000_create_users_table', 1),
(2, '0001_01_01_000001_create_cache_table', 1),
(3, '0001_01_01_000002_create_jobs_table', 1),
(4, '2023_01_01_000100_create_products_table', 1),
(5, '2023_01_01_000200_create_flutter_versions_table', 1),
(8, '2023_01_01_000500_create_user_product_stock_table', 1),
(9, '2023_01_01_000600_create_sessions_table', 1),
(16, '2023_01_01_000600_create_so_selected_products_table', 2),
(17, '2025_05_22_220447_create_stock_opname_events_table', 2),
(18, '2025_05_22_220706_alter_so_selected_products_for_events_table', 2),
(19, '2025_05_23_134827_create_stock_checks_table', 3),
(20, '2023_01_01_000400_create_temp_stock_entries_table', 4),
(21, '2023_01_01_000300_create_stock_audits_table', 5),
(22, '2025_05_30_202741_create_racks_table', 6),
(23, '2025_05_30_203000_add_rack_id_to_products_table', 7),
(24, '2025_06_02_001145_create_flutter_app_versions_table', 8),
(26, '2025_06_03_010912_create_personal_access_tokens_table', 9);

-- --------------------------------------------------------

--
-- Struktur dari tabel `personal_access_tokens`
--

CREATE TABLE `personal_access_tokens` (
  `id` bigint UNSIGNED NOT NULL,
  `tokenable_type` varchar(255) COLLATE utf8mb4_unicode_ci NOT NULL,
  `tokenable_id` bigint UNSIGNED NOT NULL,
  `name` varchar(255) COLLATE utf8mb4_unicode_ci NOT NULL,
  `token` varchar(64) COLLATE utf8mb4_unicode_ci NOT NULL,
  `abilities` text COLLATE utf8mb4_unicode_ci,
  `last_used_at` timestamp NULL DEFAULT NULL,
  `expires_at` timestamp NULL DEFAULT NULL,
  `created_at` timestamp NULL DEFAULT NULL,
  `updated_at` timestamp NULL DEFAULT NULL
) ENGINE=InnoDB DEFAULT CHARSET=utf8mb4 COLLATE=utf8mb4_unicode_ci;

--
-- Dumping data untuk tabel `personal_access_tokens`
--

INSERT INTO `personal_access_tokens` (`id`, `tokenable_type`, `tokenable_id`, `name`, `token`, `abilities`, `last_used_at`, `expires_at`, `created_at`, `updated_at`) VALUES
(14, 'App\\Models\\User', 2, 'RMX1971', '0c27f6e607dde371975494da8ace2d6499444d560e1019b5b68e8a43cb15f98f', '[\"*\"]', '2025-06-05 15:48:29', NULL, '2025-06-04 06:20:57', '2025-06-05 15:48:29'),
(25, 'App\\Models\\User', 3, 'testing', '384dfc32e9cf8489be3a8e2a624ac306c48b84002884963682fc6bbf91919a2f', '[\"*\"]', '2025-06-13 18:01:58', NULL, '2025-06-09 16:57:11', '2025-06-13 18:01:58'),
(29, 'App\\Models\\User', 3, 'RMX1971', '27b9405a869b4d19298df2fb7eda6c4286c13d40fd60b9dccc7342727da63e9a', '[\"*\"]', '2025-06-13 18:10:26', NULL, '2025-06-13 14:01:31', '2025-06-13 18:10:26');

-- --------------------------------------------------------

--
-- Struktur dari tabel `products`
--

CREATE TABLE `products` (
  `id` bigint UNSIGNED NOT NULL,
  `barcode` varchar(50) COLLATE utf8mb4_unicode_ci NOT NULL,
  `product_code` varchar(50) COLLATE utf8mb4_unicode_ci DEFAULT NULL,
  `name` varchar(100) COLLATE utf8mb4_unicode_ci NOT NULL,
  `description` text COLLATE utf8mb4_unicode_ci,
  `price` decimal(10,2) NOT NULL DEFAULT '1.00',
  `rack_id` bigint UNSIGNED DEFAULT NULL,
  `created_at` timestamp NULL DEFAULT CURRENT_TIMESTAMP,
  `updated_at` timestamp NULL DEFAULT NULL ON UPDATE CURRENT_TIMESTAMP,
  `last_stock_check` timestamp NULL DEFAULT NULL
) ENGINE=InnoDB DEFAULT CHARSET=utf8mb4 COLLATE=utf8mb4_unicode_ci;

--
-- Dumping data untuk tabel `products`
--

INSERT INTO `products` (`id`, `barcode`, `product_code`, `name`, `description`, `price`, `rack_id`, `created_at`, `updated_at`, `last_stock_check`) VALUES
(1, '899999903686', '128511', 'LUX BW MAGICAL ORCHID 400/450ML', NULL, 0.00, 2, '2025-05-20 14:54:31', '2025-05-30 13:07:34', NULL),
(2, '899999903682', '128495', 'LUX BW SOFT ROSE REF 450ML', NULL, 0.00, 2, '2025-05-20 14:54:31', '2025-05-30 13:07:34', NULL),
(3, '899999903683', '128556', 'LUX BW VELVET JASM REF400/450ML', NULL, 0.00, 2, '2025-05-20 14:54:31', '2025-05-30 13:07:34', NULL),
(4, '8999999055053', '425794', 'LUX BW MAGICAL ORCHID REF850ML', NULL, 0.00, 2, '2025-05-20 14:54:31', '2025-05-30 13:07:34', NULL),
(5, '899886661826', '432935', 'GIV BW PASSION FLOWER 825ML', NULL, 0.00, 2, '2025-05-20 14:54:31', '2025-05-30 13:07:34', NULL),
(6, '899272700925', '443849', 'BIORE BW RELAXING AROMATIC725ML', NULL, 0.00, 2, '2025-05-20 14:54:31', '2025-05-30 13:07:34', NULL),
(7, '8992946531175', '441152', 'SHINZUI BW SAKURA REFF725ML', NULL, 0.00, 2, '2025-05-20 14:54:31', '2025-05-30 13:07:34', NULL),
(8, '899294653167', '426561', 'SHINZUI BW KIREI REF 725/800ML', NULL, 0.00, 2, '2025-05-20 14:54:31', '2025-05-30 13:07:34', NULL),
(9, '899294652557', '320874', 'SHINZUI BW KIREI PUMP480ML', NULL, 0.00, 2, '2025-05-20 14:54:31', '2025-05-30 13:07:34', NULL),
(10, '899272700927', '444714', 'BIORE BW GUARD LIVELY 725ML', NULL, 0.00, 2, '2025-05-20 14:54:31', '2025-05-30 13:07:34', NULL),
(11, '899356002699', '415434', 'DETTOL BW AB COOL 800G', NULL, 0.00, 2, '2025-05-20 14:54:31', '2025-05-30 13:07:34', NULL),
(12, '899999951557', '407295', 'LIFEBUOY BW TOTAL REF 825ML', NULL, 0.00, 2, '2025-05-20 14:54:31', '2025-05-30 13:07:34', NULL),
(13, '899999951562', '407294', 'LIFEBUOY BW LEMON REF 800/825ML', NULL, 0.00, 2, '2025-05-20 14:54:31', '2025-05-30 13:07:34', NULL),
(14, '899886662746', '442232', 'NUVO FAMILY BW KUNING 825ML', NULL, 0.00, 2, '2025-05-20 14:54:31', '2025-05-30 13:07:34', NULL),
(15, '899886680985', '425796', 'NUVO BW TOTAL PROTECT 825ML', NULL, 0.00, 2, '2025-05-20 14:54:31', '2025-05-30 13:07:34', NULL),
(16, '899886680986', '432934', 'NUVO BW MILD PROTECT 825ML', NULL, 0.00, 2, '2025-05-20 14:54:31', '2025-05-30 13:07:34', NULL),
(17, '899356002607', '114910', 'DETTOL BW COOL REF 410G', NULL, 0.00, 2, '2025-05-20 14:54:31', '2025-05-30 13:07:34', NULL),
(18, '899356002604', '320888', 'DETTOL BW FRESH REF 410G', NULL, 0.00, 2, '2025-05-20 14:54:31', '2025-05-30 13:07:34', NULL),
(19, '899272700907', '443006', 'BIORE BW GUARD DECO DELIMA 400ML', NULL, 0.00, 2, '2025-05-20 14:54:31', '2025-05-30 13:07:34', NULL),
(20, '899272700388', '116613', 'BIORE BW GUARD REFRESH 400ML', NULL, 0.00, 2, '2025-05-20 14:54:31', '2025-05-30 13:07:34', NULL),
(21, '899272700501', '126299', 'BIORE BW GUARD E.COOL 400ML', NULL, 0.00, 2, '2025-05-20 14:54:31', '2025-05-30 13:07:34', NULL),
(22, '899272700172', '105977', 'BIORE BW GUARD ANTI BACTRL400ML', NULL, 26800.00, 2, '2025-05-20 14:54:31', '2025-05-30 13:07:34', NULL),
(23, '899272700827', '430818', 'BIORE BW GUARD HYGIENC 400ML', NULL, 0.00, 2, '2025-05-20 14:54:31', '2025-05-30 13:07:34', NULL),
(24, '899886661915', '431444', 'PROGUARD BW SEA MINERALS 410ML', NULL, 0.00, 2, '2025-05-20 14:54:31', '2025-05-30 13:07:34', NULL),
(25, '899886661914', '431443', 'PROGUARD BW EUCALYPTUS 410ML', NULL, 0.00, 2, '2025-05-20 14:54:31', '2025-05-30 13:07:34', NULL),
(26, '899356015732', '446153', 'DETTOL BW FAMILY PROTECT 370ML', NULL, 0.00, 2, '2025-05-20 14:54:31', '2025-05-30 13:07:34', NULL),
(27, '899356002603', '114909', 'DETTOL BW ORIGINAL REF 410G', NULL, 0.00, 2, '2025-05-20 14:54:31', '2025-05-30 13:07:34', NULL),
(28, '899999959576', '442365', 'LIFEBUOY BW TIN & ZAITUN 400ML', NULL, 0.00, 2, '2025-05-20 14:54:31', '2025-05-30 13:07:34', NULL),
(29, '899999957496', '426821', 'LIFEBUOY BW SHISO MC 400ML', NULL, 0.00, 2, '2025-05-20 14:54:31', '2025-05-30 13:07:34', NULL),
(30, '899999953551', '432534', 'LIFEBUOY BW 3IN1 450ML', NULL, 0.00, 2, '2025-05-20 14:54:31', '2025-05-30 13:07:34', NULL),
(31, '899999900119', '122454', 'LIFEBUOY BW T.PRO REF400/450ML', NULL, 0.00, 2, '2025-05-20 14:54:31', '2025-05-30 13:07:34', NULL),
(32, '899999902726', '126395', 'LIFEBUOY BW LEMON REF 400ML', NULL, 0.00, 2, '2025-05-20 14:54:31', '2025-05-30 13:07:34', NULL),
(33, '899999900120', '122455', 'LIFEBUOY BW MILD REF400/450ML', NULL, 0.00, 2, '2025-05-20 14:54:31', '2025-05-30 13:07:34', NULL),
(34, '899999900117', '320858', 'LIFEBUOY BW COOL REF400/450ML', NULL, 0.00, 2, '2025-05-20 14:54:31', '2025-05-30 13:07:34', NULL),
(35, '899401601294', '441267', 'ALFAMART BW ANTIBACT BR 400ML', NULL, 17900.00, 2, '2025-05-20 14:54:31', '2025-05-30 13:07:34', NULL),
(36, '899401601293', '441266', 'ALFAMART BW ANTIBACT HJ 400ML', NULL, 17900.00, 2, '2025-05-20 14:54:31', '2025-05-30 13:07:34', NULL),
(37, '899999900960', '119181', 'LIFEBUOY BW TOTAL 10 PUMP 500ML', NULL, 0.00, 2, '2025-05-20 14:54:31', '2025-05-30 13:07:34', NULL),
(38, '899999961010', '448507', 'LIFEBUOY BWTOTAL LMTD PUMP500ML', NULL, 0.00, 2, '2025-05-20 14:54:31', '2025-05-30 13:07:34', NULL),
(39, '899294653446', '444027', 'ZEN BW RED SHISHOSJUNIPER 400ML', NULL, 0.00, 2, '2025-05-20 14:54:31', '2025-05-30 13:07:34', NULL),
(40, '899294653136', '413198', 'ZEN BW SHISOKSDUWOOD 400ML', NULL, 0.00, 2, '2025-05-20 14:54:31', '2025-05-30 13:07:34', NULL),
(41, '899886661145', '444265', 'NUVO ICE COOL PROTECT BW 400ML', NULL, 0.00, 2, '2025-05-20 14:54:31', '2025-05-30 13:07:34', NULL),
(42, '899886660972', '320826', 'NUVO BW MILD PROTECT 400ML', NULL, 0.00, 2, '2025-05-20 14:54:31', '2025-05-30 13:07:34', NULL),
(43, '899886660973', '321094', 'NUVO BW TOTAL PROTECT 400ML', NULL, 0.00, 2, '2025-05-20 14:54:31', '2025-05-30 13:07:34', NULL),
(44, '899886661822', '427393', 'NUVO BW SAKINAH ZAI\'UN 400ML', NULL, 0.00, 2, '2025-05-20 14:54:31', '2025-05-30 13:07:34', NULL),
(45, '899401601035', '430901', 'ALFAMART BATH SPONGE', NULL, 16300.00, 2, '2025-05-20 14:54:31', '2025-05-30 13:07:34', NULL),
(46, '899999961009', '448506', 'LIFEBUOY B.SOAP TOTAL LMTD 100G', NULL, 0.00, 2, '2025-05-20 14:54:31', '2025-05-30 13:07:34', NULL),
(47, '899999904593', '321450', 'LIFEBUOY B.SOAP TOTAL 10 110G', NULL, 0.00, 2, '2025-05-20 14:54:31', '2025-05-30 13:07:34', NULL),
(48, '899999904698', '321447', 'LIFEBUOY B.SOAP MILD CARE 4X60G', NULL, 0.00, 2, '2025-05-20 14:54:31', '2025-05-30 13:07:34', NULL),
(49, '899999904699', '321449', 'LIFEBUOY B.SOAP TOTAL 10 4X60G', NULL, 0.00, 2, '2025-05-20 14:54:31', '2025-05-30 13:07:34', NULL),
(50, '899999904591', '321319', 'LIFEBUOY B.SOAP MILD CARE4X110G', NULL, 0.00, 2, '2025-05-20 14:54:31', '2025-05-30 13:07:34', NULL),
(51, '899999904592', '321320', 'LIFEBUOY B.SOAP TOTAL 10 4X110G', NULL, 0.00, 2, '2025-05-20 14:54:31', '2025-05-30 13:07:34', NULL),
(52, '899999905329', '404855', 'LIFEBUOY B.SOAP LEMON FR54X110G', NULL, 0.00, 2, '2025-05-20 14:54:31', '2025-05-30 13:07:34', NULL),
(53, '899886661166', '441698', 'NUVO FAMILY B.SOAP KUNING4X100G', NULL, 0.00, 2, '2025-05-20 14:54:31', '2025-05-30 13:07:34', NULL),
(54, '899886662941', '444882', 'NUVO B.SOAP COOL 4X100G', NULL, 0.00, 2, '2025-05-20 14:54:31', '2025-05-30 13:07:34', NULL),
(55, '899886661163', '425790', 'NUVO B.SOAP PROTECT 4X100G', NULL, 0.00, 2, '2025-05-20 14:54:31', '2025-05-30 13:07:34', NULL),
(56, '899356002454', '111986', 'DETTOL B.SOAP COOL 3X60G', NULL, 0.00, 2, '2025-05-20 14:54:31', '2025-05-30 13:07:34', NULL),
(57, '899356002417', '232443', 'DETTOL B.SOAP COOL 105G', NULL, 0.00, 2, '2025-05-20 14:54:31', '2025-05-30 13:07:34', NULL),
(58, '899356002527', '407616', 'DETTOL B.SOAP LST FR53X105G', 'p', 0.00, 2, '2025-05-20 14:54:31', '2025-05-30 13:07:34', NULL),
(59, '899356002521', '321082', 'DETTOL B.SOAP LAST FR5105/100G', NULL, 0.00, 2, '2025-05-20 14:54:31', '2025-05-30 13:07:34', NULL),
(60, '899356002490', '321876', 'DETTOL B.SOAP ENRGZ 3X105G', NULL, 0.00, 2, '2025-05-20 14:54:31', '2025-05-30 13:07:34', NULL),
(61, '899980910277', '122817', 'NATUR-E HBL MOIST 245ML', NULL, 0.00, 2, '2025-05-20 14:54:31', '2025-05-30 13:07:34', NULL),
(62, '899980910379', '402497', 'NATUR-E HBL PROTECT&GLV 245ML', NULL, 0.00, 2, '2025-05-20 14:54:32', '2025-05-30 13:07:34', NULL),
(63, '899722622521', '433055', 'HERBORIST B.SRM APPLE&BRCL180ML', NULL, 0.00, 2, '2025-05-20 14:54:32', '2025-05-30 13:07:34', NULL),
(64, '899990845090', '320706', 'MARINA HBL A.POLLTN SPF30 185ML', NULL, 0.00, 2, '2025-05-20 14:54:32', '2025-05-30 13:07:34', NULL),
(65, '899990890190', '431458', 'MARINA B.SRM MAQUI ANTIOX1185ML', NULL, 0.00, 2, '2025-05-20 14:54:32', '2025-05-30 13:07:34', NULL),
(66, '899990808280', '232696', 'MARINA HBL UV WHT HSG 185ML', NULL, 0.00, 2, '2025-05-20 14:54:32', '2025-05-30 13:07:34', NULL),
(67, '899990873480', '414828', 'MARINA HBL UVWHT COLGN185ML', NULL, 0.00, 2, '2025-05-20 14:54:32', '2025-05-30 13:07:34', NULL),
(68, '899990821480', '107357', 'MARINA HBL NAT R.MOIST190/200ML', NULL, 0.00, 2, '2025-05-20 14:54:32', '2025-05-30 13:07:34', NULL),
(69, '899990826610', '143464', 'MARINA HBL UV WHT HSGL460ML', NULL, 0.00, 2, '2025-05-20 14:54:32', '2025-05-30 13:07:34', NULL),
(70, '899886610567', '429218', 'EMERON LOVELY HBL GLOWY 500ML', NULL, 0.00, 2, '2025-05-20 14:54:32', '2025-05-30 13:07:34', NULL),
(71, '899886610566', '436302', 'EMERON LOVELY HBL PRL WHT 500ML', NULL, 0.00, 2, '2025-05-20 14:54:32', '2025-05-30 13:07:34', NULL),
(72, '899886662973', '445263', 'EMERON LOVELY HBL NUTRIENT500ML', NULL, 0.00, 2, '2025-05-20 14:54:32', '2025-05-30 13:07:34', NULL),
(488, '899293621801', '66830', 'TONG TJI TEH SUPER 80G', NULL, 0.00, 1, '2025-05-21 18:04:44', '2025-05-30 13:01:21', NULL),
(489, '899293612090', '163199', 'TONG TJI TEH PREMIUM 10X9G', NULL, 0.00, 1, '2025-05-21 18:04:44', '2025-05-30 13:01:21', NULL),
(490, '899279726010', '7924', 'KEPALA JENGGOT TEH CLP HJAU255', NULL, 0.00, 1, '2025-05-21 18:04:44', '2025-05-30 13:01:21', NULL),
(491, '888600781111', '102126', 'POCI TEH CLP VANILA 25S', NULL, 0.00, 1, '2025-05-21 18:04:44', '2025-05-30 13:01:21', NULL),
(492, '888600781141', '178108', 'POCI TEH CLP 25S', NULL, 0.00, 1, '2025-05-21 18:04:44', '2025-05-30 13:01:21', NULL),
(493, '899275300401', '401181', 'FF SKM PUTHI PCH 535/545G', NULL, 0.00, 1, '2025-05-21 18:04:44', '2025-05-30 13:01:21', NULL),
(494, '899275372159', '425371', 'FF SKM PUTHI PCH 240/280G', NULL, 0.00, 1, '2025-05-21 18:04:44', '2025-05-30 13:01:21', NULL),
(495, '899275300403', '401180', 'FF SKM COKELAT PCH 535/545G', NULL, 0.00, 1, '2025-05-21 18:04:44', '2025-05-30 13:01:21', NULL),
(496, '899275372218', '436323', 'FF SKM GOLD PCH 280G', NULL, 0.00, 1, '2025-05-21 18:04:44', '2025-05-30 13:01:21', NULL),
(497, '899275372336', '448649', 'FF SKM HOKKADO CHEESE PCH 240G', NULL, 0.00, 1, '2025-05-21 18:04:44', '2025-05-30 13:01:21', NULL),
(498, '899300700390', '414212', 'INDOMILK KKM PUTHI PCH 545G', NULL, 0.00, 1, '2025-05-21 18:04:44', '2025-05-30 13:01:21', NULL),
(499, '899300700391', '431042', 'INDOMILK KKM CHOCO PCH 545G', NULL, 0.00, 1, '2025-05-21 18:04:44', '2025-05-30 13:01:21', NULL),
(500, '899300700422', '444000', 'INDOMILK KKM PUTHI PCH 260G', NULL, 0.00, 1, '2025-05-21 18:04:44', '2025-05-30 13:01:21', NULL),
(501, '899300700392', '892360', 'ENAAK KKM PUTHI PCH 545G', NULL, 0.00, 1, '2025-05-21 18:04:44', '2025-05-30 13:01:21', NULL),
(502, '899275310120', '163460', 'FF SKM PUTHI CAN 370G', NULL, 0.00, 1, '2025-05-21 18:04:44', '2025-05-30 13:01:21', NULL),
(503, '899275310010', '6426', 'FF SKM GOLD CAN 370G', NULL, 0.00, 1, '2025-05-21 18:04:44', '2025-05-30 13:01:21', NULL),
(504, '899275372080', '411090', 'FF SKM PUTHI CAN 490G', NULL, 0.00, 1, '2025-05-21 18:04:44', '2025-05-30 13:01:21', NULL),
(505, '899275303190', '115375', 'FF SKM PUTHI SAC 6X37/40G', NULL, 0.00, 1, '2025-05-21 18:04:44', '2025-05-30 13:01:21', NULL),
(506, '899275310230', '231057', 'FF SKM COKELAT SAC 6X37/40G', NULL, 0.00, 1, '2025-05-21 18:04:44', '2025-05-30 13:01:21', NULL),
(507, '899300700169', '113961', 'INDOMILK KKM PUTHI SAC 6X37G', NULL, 0.00, 1, '2025-05-21 18:04:44', '2025-05-30 13:01:21', NULL),
(508, '899300700170', '103315', 'INDOMILK KKM COKELAT SAC 6X37G', NULL, 0.00, 1, '2025-05-21 18:04:44', '2025-05-30 13:01:21', NULL),
(509, '899269652770', '465875', 'CARNATION KKM PUTHI CAN 6X38G', NULL, 0.00, 1, '2025-05-21 18:04:44', '2025-05-30 13:01:21', NULL),
(510, '899270200002', '6430', 'ENAAK KKM PUTHI CAN 370G', NULL, 0.00, 1, '2025-05-21 18:04:44', '2025-05-30 13:01:21', NULL),
(511, '899269642648', '400866', 'CARNATION KKM PUTHI CAN 365G', NULL, 0.00, 1, '2025-05-21 18:04:44', '2025-05-30 13:01:21', NULL),
(512, '899275363120', '101008', 'OMELA KKM CAN 370G', NULL, 0.00, 1, '2025-05-21 18:04:44', '2025-05-30 13:01:21', NULL),
(513, '899270200001', '6428', 'INDOMILK KKM PUTHI CAN 370G', NULL, 0.00, 1, '2025-05-21 18:04:44', '2025-05-30 13:01:21', NULL),
(514, '899300700296', '404756', 'TIGA SAPI KKM CAN 490G', NULL, 0.00, 1, '2025-05-21 18:04:44', '2025-05-30 13:01:21', NULL),
(515, '899269652132', '422820', 'CARNATION EVAPORASI CAN 405G', NULL, 0.00, 1, '2025-05-21 18:04:44', '2025-05-30 13:01:21', NULL),
(516, '955617480221', '111378', 'QUAKER OATS INST BAG 800G', NULL, 0.00, 1, '2025-05-21 18:04:44', '2025-05-30 13:01:21', NULL),
(517, '955617480223', '50532', 'QUAKER OATS INST BAG 200G', NULL, 0.00, 1, '2025-05-21 18:04:44', '2025-05-30 13:01:21', NULL),
(518, '480036100023', '8079', 'KOKO KRUNCH BOX 300G', NULL, 0.00, 1, '2025-05-21 18:04:44', '2025-05-30 13:01:21', NULL),
(519, '480036100285', '8078', 'KOKO KRUNCH BOX 150G', NULL, 0.00, 1, '2025-05-21 18:04:44', '2025-05-30 13:01:21', NULL),
(520, '899317288683', '130032', 'SIMBA CHOCHIP CKT BOX 150G', NULL, 0.00, 1, '2025-05-21 18:04:44', '2025-05-30 13:01:21', NULL),
(521, '955580580136', '440578', 'KELLOGG\'S COCOFILLS BOX150G(PC)', NULL, 0.00, 1, '2025-05-21 18:04:44', '2025-05-30 13:01:21', NULL),
(522, '899274199572', '229659', 'SIMBA CHOCHIP COKLAT BAG 50G', NULL, 0.00, 1, '2025-05-21 18:04:44', '2025-05-30 13:01:21', NULL),
(523, '899269652507', '433851', 'KOKO KRUNCH BAG 70G', NULL, 0.00, 1, '2025-05-21 18:04:44', '2025-05-30 13:01:21', NULL),
(524, '885275670705', '440845', 'KELLOGG\'S CORN FLAKES 60G', NULL, 0.00, 1, '2025-05-21 18:04:44', '2025-05-30 13:01:21', NULL),
(525, '885275670704', '438854', 'KELLOGG\'S FRT LOOPS PCH 55G', NULL, 0.00, 1, '2025-05-21 18:04:44', '2025-05-30 13:01:21', NULL),
(526, '885275695834', '444552', 'KELLOGG\'S GRANOLA DARK CHOCO40G', NULL, 0.00, 1, '2025-05-21 18:04:44', '2025-05-30 13:01:21', NULL),
(527, '885275630304', '130014', 'KELLOGG\'S FRT LOOPS BOX 150G', NULL, 0.00, 1, '2025-05-21 18:04:44', '2025-05-30 13:01:21', NULL),
(528, '899269652719', '446853', 'NESTLE TRIX BOX 150G', NULL, 0.00, 1, '2025-05-21 18:04:44', '2025-05-30 13:01:21', NULL),
(529, '899269642464', '404620', 'HONEY STARS BAG 70G', NULL, 0.00, 1, '2025-05-21 18:04:44', '2025-05-30 13:01:21', NULL),
(530, '899269642826', '125431', 'KOKO KRUNCH CUP 30G', NULL, 0.00, 1, '2025-05-21 18:04:44', '2025-05-30 13:01:21', NULL),
(531, '899269652635', '444852', 'KOKO KRUNCH COOKIE CUP 30G', NULL, 0.00, 1, '2025-05-21 18:04:44', '2025-05-30 13:01:21', NULL),
(532, '899317299546', '197688', 'SIMBA CHOCHIP SUSU CKT CUP 34G', NULL, 0.00, 1, '2025-05-21 18:04:44', '2025-05-30 13:01:21', NULL),
(533, '899317290249', '197689', 'SIMBA CHOCHIP SUSU PTH CUP 34G', NULL, 0.00, 1, '2025-05-21 18:04:44', '2025-05-30 13:01:21', NULL),
(534, '899317200042', '425507', 'SIMBA CHOCHIP SUSU STR CUP 34G', NULL, 0.00, 1, '2025-05-21 18:04:44', '2025-05-30 13:01:21', NULL),
(535, '899269642828', '125432', 'MILO CEREAL CUP 30G', NULL, 0.00, 1, '2025-05-21 18:04:44', '2025-05-30 13:01:21', NULL),
(536, '899269652674', '446917', 'NESTLE TRIX CUP 30G', NULL, 0.00, 1, '2025-05-21 18:04:44', '2025-05-30 13:01:21', NULL),
(537, '899269652273', '421805', 'MILO BAG 4X22G', NULL, 0.00, 1, '2025-05-21 18:04:44', '2025-05-30 13:01:21', NULL),
(538, '899886620265', '419940', 'CHOCODRINK BAG 5X28G', NULL, 0.00, 1, '2025-05-21 18:04:44', '2025-05-30 13:01:21', NULL),
(539, '899702018097', '434323', 'QUAKER OATS 31Nl VNL BAG 8X28G', NULL, 0.00, 1, '2025-05-21 18:04:44', '2025-05-30 13:01:21', NULL),
(540, '899702018101', '437723', 'QUAKER OATS 31Nl CKT BAG 8X28G', NULL, 0.00, 1, '2025-05-21 18:04:44', '2025-05-30 13:01:21', NULL),
(541, '899702018107', '465632', 'QUAKER OATS 31Nl MOCHA BAG8X28G', NULL, 0.00, 1, '2025-05-21 18:04:44', '2025-05-30 13:01:21', NULL),
(542, '899600160302', '100077', 'ENERGEN COKELAT BAG 10X35/30G', NULL, 0.00, 1, '2025-05-21 18:04:44', '2025-05-30 13:01:21', NULL),
(543, '899600160303', '100076', 'ENERGEN VANILA BAG 10X34/29G', NULL, 0.00, 1, '2025-05-21 18:04:44', '2025-05-30 13:01:21', NULL),
(544, '899600160304', '100078', 'ENERGEN KCG HIJAU BAG 10X31G', NULL, 0.00, 1, '2025-05-21 18:04:44', '2025-05-30 13:01:21', NULL),
(545, '899600143107', '439742', 'BENG-BENG DRINK 10X27/29G', NULL, 26800.00, 1, '2025-05-21 18:04:44', '2025-05-30 13:01:21', NULL),
(546, '899600160352', '434983', 'ENERGEN CHAMPION 41Nl BAG 4X35G', NULL, 0.00, 1, '2025-05-21 18:04:44', '2025-05-30 13:01:21', NULL),
(547, '888600781150', '125912', 'SOSRO TEH CLP 505', NULL, 0.00, 1, '2025-05-21 18:04:44', '2025-05-30 13:01:21', NULL),
(548, '888600781107', '7861', 'SOSRO TEH CLP 305', NULL, 0.00, 1, '2025-05-21 18:04:44', '2025-05-30 13:01:21', NULL),
(549, '899999919565', '10019', 'SARIWANGI TEH CLP ASLI 505', NULL, 0.00, 1, '2025-05-21 18:04:44', '2025-05-30 13:01:21', NULL),
(550, '899999955632', '419294', 'SARIWANGI TEH CLP ASLI 305', NULL, 0.00, 1, '2025-05-21 18:04:44', '2025-05-30 13:01:21', NULL),
(551, '899999950199', '405126', 'SARIWANGI TEH CLP MELATI 255', NULL, 0.00, 1, '2025-05-21 18:04:44', '2025-05-30 13:01:21', NULL),
(552, '899293611502', '195106', 'TONG TJI TEH CLP JASMINE 255', NULL, 0.00, 1, '2025-05-21 18:04:44', '2025-05-30 13:01:21', NULL),
(553, '899293611501', '66828', 'TONG TJI TEH CLP JASMINE ENV255', NULL, 0.00, 1, '2025-05-21 18:04:44', '2025-05-30 13:01:21', NULL),
(554, '899275372158', '425370', 'FF SKM COKELAT PCH 240/280G', NULL, 0.00, 1, '2025-05-21 18:04:44', '2025-05-30 13:01:21', NULL),
(555, '888600782104', '161393', 'POCI TEH HIJAU MELATI KUNING40G', NULL, 0.00, 1, '2025-05-21 18:04:44', '2025-05-30 13:01:21', NULL),
(556, '888600781102', '7833', 'CAP BOTOL TEH HIJAU 40G', NULL, 0.00, 1, '2025-05-21 18:04:44', '2025-05-30 13:01:21', NULL),
(557, '899320034731', '417806', 'KANZLER SGL MINI 65G', NULL, 0.00, 3, '2025-06-05 17:16:53', '2025-06-05 17:18:48', NULL),
(558, '899320034831', '417804', 'KANZLER SGL ORI 65G', NULL, 0.00, 3, '2025-06-05 17:16:53', '2025-06-05 17:18:48', NULL),
(559, '899320034531', '417805', 'KANZLER SGL KEJU 65G', NULL, 0.00, 3, '2025-06-05 17:16:53', '2025-06-05 17:18:48', NULL),
(560, '899320066824', '435578', 'KANZLER SGL GOCHUJANG 60G', NULL, 0.00, 3, '2025-06-05 17:16:53', '2025-06-05 17:18:48', NULL),
(561, '899311000255', '433388', 'SO NICE SOSIS PRM ORI 60G', NULL, 0.00, 3, '2025-06-05 17:16:53', '2025-06-05 17:18:48', NULL),
(562, '899311000401', '465764', 'SO GOOD SOS KEJU PEDAS 55G', NULL, 0.00, 3, '2025-06-05 17:16:53', '2025-06-05 17:18:48', NULL),
(563, '899311000400', '465773', 'SO GOOD SOS JEPANG HOT 55G', NULL, 0.00, 3, '2025-06-05 17:16:53', '2025-06-05 17:18:48', NULL),
(564, '899320034571', '423992', 'KANZLER SGL HOT 65G', NULL, 0.00, 3, '2025-06-05 17:16:53', '2025-06-05 17:18:48', NULL),
(565, '899311000257', '433387', 'SO NICE SOSIS PRM CHS 60G', NULL, 0.00, 3, '2025-06-05 17:16:53', '2025-06-05 17:18:48', NULL),
(566, '899311000256', '433386', 'SO NICE SOSIS PRM SMOKE 60G', NULL, 0.00, 3, '2025-06-05 17:16:53', '2025-06-05 17:18:48', NULL),
(567, '899311000364', '440407', 'SO NICE SOSIS PRM HOT 60G', NULL, 0.00, 3, '2025-06-05 17:16:53', '2025-06-05 17:18:48', NULL),
(568, '899320722313', '437455', 'FIESTA READYTOGO SOSIS ORI 65G', NULL, 0.00, 3, '2025-06-05 17:16:53', '2025-06-05 17:18:48', NULL),
(569, '899320725104', '466967', 'FIESTA RTG SOSIS CHEESE LAVA 60G', NULL, 0.00, 3, '2025-06-05 17:16:53', '2025-06-05 17:18:48', NULL),
(570, '899320725106', '466966', 'FIESTA RTG SOSIS HOT LAVA 60G', NULL, 0.00, 3, '2025-06-05 17:16:53', '2025-06-05 17:18:48', NULL),
(571, '899320723029', '443705', 'FIESTA RTG SOSIS CHEESYMELTS 65G', NULL, 0.00, 3, '2025-06-05 17:16:53', '2025-06-05 17:18:48', NULL),
(572, '899320723028', '443704', 'FIESTA RTG SOSIS SPICYKOREAN 65G', NULL, 0.00, 3, '2025-06-05 17:16:53', '2025-06-05 17:18:48', NULL),
(573, '899320066849', '428660', 'KANZLER BASKO ORI 48G', NULL, 0.00, 3, '2025-06-05 17:16:53', '2025-06-05 17:18:48', NULL),
(574, '899320066850', '428662', 'KANZLER BASKO KEJU 48G', NULL, 0.00, 3, '2025-06-05 17:16:53', '2025-06-05 17:18:48', NULL),
(575, '899320066898', '435736', 'KANZLER BASKO HOT 48G', NULL, 0.00, 3, '2025-06-05 17:16:53', '2025-06-05 17:18:48', NULL),
(576, '899320722316', '440018', 'FIESTA RTG BASKO BBQ 60G', NULL, 0.00, 3, '2025-06-05 17:16:53', '2025-06-05 17:18:48', NULL),
(577, '899320722314', '440017', 'FIESTA RTG BASKO KEJU 60G', NULL, 0.00, 3, '2025-06-05 17:16:53', '2025-06-05 17:18:48', NULL),
(578, '899320722315', '440016', 'FIESTA READYTOGO SIOMAY 54G', NULL, 0.00, 3, '2025-06-05 17:16:53', '2025-06-05 17:18:48', NULL),
(579, '899723185004', '426103', 'MUJIGAE ODEM 65G', NULL, 0.00, 3, '2025-06-05 17:16:53', '2025-06-05 17:18:48', NULL),
(580, '899320000000', '465771', 'KANZLER BASKO GOCHUJANG 55G', NULL, 0.00, 3, '2025-06-05 17:16:53', '2025-06-05 17:18:48', NULL),
(581, '899299411011', '6149', 'YAKULT 55ML', NULL, 0.00, 3, '2025-06-05 17:16:53', '2025-06-05 17:18:48', NULL),
(582, '899299411014', '434729', 'YAKULT LIGHT SX65ML', NULL, 0.00, 3, '2025-06-05 17:16:53', '2025-06-05 17:18:48', NULL),
(583, '899299400001', '466316', 'YAKULT MANGGA SX65ML', NULL, 0.00, 3, '2025-06-05 17:16:53', '2025-06-05 17:18:48', NULL),
(584, '899320066406', '405641', 'CIMORY YOG BBERRY 4X65ML', NULL, 0.00, 3, '2025-06-05 17:16:53', '2025-06-05 17:18:48', NULL),
(585, '899320066405', '403158', 'CIMORY YOG STR 4X65ML', NULL, 0.00, 3, '2025-06-05 17:16:53', '2025-06-05 17:18:48', NULL),
(586, '899320066946', '444004', 'CIMORY YOG BROWN SUGAR 40G', NULL, 0.00, 4, '2025-06-05 17:22:23', '2025-06-05 17:22:23', NULL),
(587, '899320066936', '443661', 'CIMORY YOG MANGO STICKTRICE 40G', NULL, 0.00, 4, '2025-06-05 17:22:23', '2025-06-05 17:22:23', NULL),
(588, '899320066890', '441917', 'CIMORY YOG ORIGINAL 40G', NULL, 0.00, 4, '2025-06-05 17:22:23', '2025-06-05 17:22:23', NULL),
(589, '899320066891', '439945', 'CIMORY YOG STRAWBERRY 40G', NULL, 0.00, 4, '2025-06-05 17:22:23', '2025-06-05 17:22:23', NULL),
(590, '899320066892', '439944', 'CIMORY YOG BLUEBERRY 40G', NULL, 0.00, 4, '2025-06-05 17:22:23', '2025-06-05 17:22:23', NULL),
(591, '899722041089', '436341', 'KIN YOG SMOOTH CRMY ORI 45G', NULL, 0.00, 4, '2025-06-05 17:22:23', '2025-06-05 17:22:23', NULL),
(592, '899722041087', '436342', 'KIN YOG SMOOTH CRMY BLK 45G', NULL, 0.00, 4, '2025-06-05 17:22:23', '2025-06-05 17:22:23', NULL),
(593, '899320066940', '445019', 'CIMORY YOG BITES STRAWBERRY 120G', NULL, 0.00, 4, '2025-06-05 17:22:23', '2025-06-05 17:22:23', NULL),
(594, '899320066833', '431807', 'CIMORY CRMY YOG BW SGR 120G', NULL, 0.00, 4, '2025-06-05 17:22:23', '2025-06-05 17:22:23', NULL),
(595, '899320066693', '420798', 'CIMORY CRMY YOG ORI 120G', NULL, 0.00, 4, '2025-06-05 17:22:23', '2025-06-05 17:22:23', NULL),
(596, '899320066134', '110159', 'CIMORY CRMY YOG MANGO 120G', NULL, 0.00, 4, '2025-06-05 17:22:23', '2025-06-05 17:22:23', NULL),
(597, '899320066694', '420799', 'CIMORY CRMY YOG STR 120G', NULL, 0.00, 4, '2025-06-05 17:22:23', '2025-06-05 17:22:23', NULL),
(598, '899320066695', '420800', 'CIMORY CRMY YOG BBERRY 120G', NULL, 0.00, 4, '2025-06-05 17:22:23', '2025-06-05 17:22:23', NULL),
(599, '899722041039', '436297', 'KIN YOG SLURP BLUEBERRY 45G(RN)', NULL, 0.00, 4, '2025-06-05 17:22:23', '2025-06-05 17:22:23', NULL),
(600, '899722041042', '436296', 'KIN YOG SLURP STRAWBERRY 45G', NULL, 0.00, 4, '2025-06-05 17:22:23', '2025-06-05 17:22:23', NULL),
(601, '899320066941', '445018', 'CIMORY YOG BITES BLUEBERRY 120G', NULL, 0.00, 4, '2025-06-05 17:22:23', '2025-06-05 17:22:23', NULL),
(602, '899320066924', '445020', 'CIMORY YOG BITES YUZU 120G', NULL, 0.00, 4, '2025-06-05 17:22:23', '2025-06-05 17:22:23', NULL),
(603, '899320066926', '445021', 'CIMORY YOG BITES STR LYCHEE 120G', NULL, 0.00, 4, '2025-06-05 17:22:23', '2025-06-05 17:22:23', NULL),
(604, '899320066927', '466007', 'CIMORY YOG BITES BERRYBLEND 120G', NULL, 0.00, 4, '2025-06-05 17:22:23', '2025-06-05 17:22:23', NULL),
(605, '899320066930', '466006', 'CIMORY YOG BITES STR MANGO 120G', NULL, 0.00, 4, '2025-06-05 17:22:23', '2025-06-05 17:22:23', NULL),
(606, '899320066959', '466997', 'CIMORY EATMILK PUD CHOCOHZL 80G', NULL, 0.00, 4, '2025-06-05 17:22:23', '2025-06-05 17:22:23', NULL),
(607, '899320066956', '466998', 'CIMORY EATMILK PUD CHOCO 80G', NULL, 0.00, 4, '2025-06-05 17:22:23', '2025-06-05 17:22:23', NULL),
(608, '899320066962', '466999', 'CIMORY EATMILK PUD MARIEBISC 80G', NULL, 0.00, 4, '2025-06-05 17:22:23', '2025-06-05 17:22:23', NULL),
(609, '899300700723', '465768', 'INDOMILK YOG STRAWBERRY PET 70G', NULL, 0.00, 4, '2025-06-05 17:22:23', '2025-06-05 17:22:23', NULL),
(610, '899300700724', '465767', 'INDOMILK YOG BLUEBERRY PET 70G', NULL, 0.00, 4, '2025-06-05 17:22:23', '2025-06-05 17:22:23', NULL),
(611, '899989897580', '439488', 'BIOKUL TOGO YOG LECI PCH 80G', NULL, 0.00, 4, '2025-06-05 17:22:23', '2025-06-05 17:22:23', NULL),
(612, '899989897579', '443561', 'BIOKUL TOGO YOG MIXBERRY PCH 80G', NULL, 0.00, 4, '2025-06-05 17:22:23', '2025-06-05 17:22:23', NULL),
(613, '899722041107', '447182', 'KIN SLURP XL BLUEBERRY 80G', NULL, 0.00, 4, '2025-06-05 17:22:23', '2025-06-05 17:22:23', NULL),
(614, '899722041110', '465749', 'KIN SLURP XL MANGO 80G', NULL, 0.00, 4, '2025-06-05 17:22:23', '2025-06-05 17:22:23', NULL),
(615, '899320066305', '620039', 'CIMORY YOG MIX BRY PET 240ML', NULL, 0.00, 4, '2025-06-05 17:22:23', '2025-06-05 17:22:23', NULL),
(616, '899320066135', '109944', 'CIMORY YOG MIX FRT PET 240ML', NULL, 0.00, 4, '2025-06-05 17:22:24', '2025-06-05 17:22:24', NULL),
(617, '899320066306', '620041', 'CIMORY YOG PLAIN PET 240ML', NULL, 0.00, 4, '2025-06-05 17:22:24', '2025-06-05 17:22:24', NULL),
(618, '899320066130', '112136', 'CIMORY YOG STR PET 240ML', NULL, 0.00, 4, '2025-06-05 17:22:24', '2025-06-05 17:22:24', NULL),
(619, '899320066165', '115109', 'CIMORY YOG BBERRY PET 240ML', NULL, 0.00, 4, '2025-06-05 17:22:24', '2025-06-05 17:22:24', NULL),
(620, '899320066500', '414513', 'CIMORY YOG LF STRMGO PET 240ML', NULL, 0.00, 4, '2025-06-05 17:22:24', '2025-06-05 17:22:24', NULL),
(621, '899722041097', '439903', 'KIN YOG MANGO PET 200ML', NULL, 0.00, 4, '2025-06-05 17:22:24', '2025-06-05 17:22:24', NULL),
(622, '899722041010', '410993', 'KIN YOG BLUEBERRY PET 200ML', NULL, 0.00, 4, '2025-06-05 17:22:24', '2025-06-05 17:22:24', NULL),
(623, '899722041002', '408360', 'KIN YOG STRAWBERRY PET 200ML', NULL, 0.00, 4, '2025-06-05 17:22:24', '2025-06-05 17:22:24', NULL),
(624, '899722041001', '408359', 'KIN YOG ORIGINAL PET 200ML', NULL, 0.00, 4, '2025-06-05 17:22:24', '2025-06-05 17:22:24', NULL),
(625, '899271782220', '158018', 'KARA NDC LYCHEE CUP 220ML', NULL, 0.00, 4, '2025-06-05 17:22:24', '2025-06-05 17:22:24', NULL),
(626, '899828822008', '106417', 'WONG COCO NDC LECI CUP 220G', NULL, 0.00, 4, '2025-06-05 17:22:24', '2025-06-05 17:22:24', NULL),
(627, '749922116421', '407524', 'HB YOG GREEK ORI 200ML', NULL, 0.00, 4, '2025-06-05 17:22:24', '2025-06-05 17:22:24', NULL),
(628, '749922112313', '121486', 'HB YOG STRAWBERRY 180ML', NULL, 0.00, 4, '2025-06-05 17:22:24', '2025-06-05 17:22:24', NULL),
(629, '899722041051', '428421', 'KIN YOG BLACK PET 200ML', NULL, 0.00, 4, '2025-06-05 17:22:24', '2025-06-05 17:22:24', NULL),
(630, '899722041085', '432667', 'KIN YOG SLIM BERRY PET 200ML', NULL, 0.00, 4, '2025-06-05 17:22:24', '2025-06-05 17:22:24', NULL),
(631, '899722041095', '439902', 'KIN YOG MIX/RICHBERIES PET 200ML', NULL, 0.00, 4, '2025-06-05 17:22:24', '2025-06-05 17:22:24', NULL),
(632, '899270200597', '6207', 'INDOMILK STROBERI BTL 190ML', NULL, 0.00, 4, '2025-06-05 17:22:24', '2025-06-05 17:22:24', NULL),
(633, '899270200594', '6203', 'INDOMILK COKELAT BTL 190ML', NULL, 0.00, 4, '2025-06-05 17:22:24', '2025-06-05 17:22:24', NULL),
(634, '899300700023', '140233', 'INDOMILK KIDS COKELAT TP 115ML', NULL, 0.00, 4, '2025-06-05 17:22:24', '2025-06-05 17:22:24', NULL),
(635, '899275318400', '232832', 'FF UHT OMEGA STROBERI TP 115ML', NULL, 0.00, 4, '2025-06-05 17:22:24', '2025-06-05 17:22:24', NULL),
(636, '899275318200', '232831', 'FF UHT OMEGA COKELAT TP 115ML', NULL, 0.00, 4, '2025-06-05 17:22:24', '2025-06-05 17:22:24', NULL),
(637, '899800901059', '154271', 'ULTRA MILK UHT COKELAT TP 125ML', NULL, 0.00, 4, '2025-06-05 17:22:24', '2025-06-05 17:22:24', NULL),
(638, '899269652682', '465682', 'DANCOW UHT CHO HAZELNUT TP 180ML', NULL, 0.00, 4, '2025-06-05 17:22:24', '2025-06-05 17:22:24', NULL),
(639, '899269652696', '465615', 'DANCOW UHT COOKIES CRM TP 180ML', NULL, 0.00, 4, '2025-06-05 17:22:24', '2025-06-05 17:22:24', NULL),
(640, '899290799657', '441583', 'SARI CHOCO UHT COKELAT TP 180ML', NULL, 0.00, 4, '2025-06-05 17:22:24', '2025-06-05 17:22:24', NULL);

-- --------------------------------------------------------

--
-- Struktur dari tabel `racks`
--

CREATE TABLE `racks` (
  `id` bigint UNSIGNED NOT NULL,
  `name` varchar(255) COLLATE utf8mb4_unicode_ci NOT NULL,
  `location` varchar(255) COLLATE utf8mb4_unicode_ci DEFAULT NULL,
  `description` text COLLATE utf8mb4_unicode_ci,
  `created_at` timestamp NULL DEFAULT NULL,
  `updated_at` timestamp NULL DEFAULT NULL
) ENGINE=InnoDB DEFAULT CHARSET=utf8mb4 COLLATE=utf8mb4_unicode_ci;

--
-- Dumping data untuk tabel `racks`
--

INSERT INTO `racks` (`id`, `name`, `location`, `description`, `created_at`, `updated_at`) VALUES
(1, 'BA1', 'LORONG 8', 'RAK BREAKFAST PRO 1', '2025-05-30 12:38:32', '2025-05-30 12:38:32'),
(2, 'KA3', 'LORONG 3', 'PC NON HABA 3', '2025-05-30 13:07:34', '2025-05-30 13:18:37'),
(3, 'AC1', 'Default Location From Import', NULL, '2025-06-05 17:18:48', '2025-06-05 17:18:48'),
(4, 'AC2', 'Default Location From Import', NULL, '2025-06-05 17:22:23', '2025-06-05 17:22:23');

-- --------------------------------------------------------

--
-- Struktur dari tabel `sessions`
--

CREATE TABLE `sessions` (
  `id` varchar(255) COLLATE utf8mb4_unicode_ci NOT NULL,
  `user_id` bigint UNSIGNED DEFAULT NULL,
  `ip_address` varchar(45) COLLATE utf8mb4_unicode_ci DEFAULT NULL,
  `user_agent` text COLLATE utf8mb4_unicode_ci,
  `payload` longtext COLLATE utf8mb4_unicode_ci NOT NULL,
  `last_activity` int NOT NULL
) ENGINE=InnoDB DEFAULT CHARSET=utf8mb4 COLLATE=utf8mb4_unicode_ci;

--
-- Dumping data untuk tabel `sessions`
--

INSERT INTO `sessions` (`id`, `user_id`, `ip_address`, `user_agent`, `payload`, `last_activity`) VALUES
('hrZilVaDxop7e9Nd4R9yN3hS4qdzNwAxfdjyNAlC', 1, '127.0.0.1', 'Mozilla/5.0 (Windows NT 10.0; Win64; x64) AppleWebKit/537.36 (KHTML, like Gecko) Chrome/137.0.0.0 Safari/537.36', 'YTo1OntzOjY6Il90b2tlbiI7czo0MDoic0Z4TjltZVBCMmNWcXhxMFhFQUxLQmZRUlRLZTdmeFpBSVN1ODRVbCI7czo2OiJfZmxhc2giO2E6Mjp7czozOiJvbGQiO2E6MDp7fXM6MzoibmV3IjthOjA6e319czozOiJ1cmwiO2E6MDp7fXM6OToiX3ByZXZpb3VzIjthOjE6e3M6MzoidXJsIjtzOjM4OiJodHRwczovL3NvX3JhaGlsLm1lL3N0b2NrLWF1ZGl0LXJlcG9ydCI7fXM6NTA6ImxvZ2luX3dlYl81OWJhMzZhZGRjMmIyZjk0MDE1ODBmMDE0YzdmNThlYTRlMzA5ODlkIjtpOjE7fQ==', 1749837581);

-- --------------------------------------------------------

--
-- Struktur dari tabel `so_selected_products`
--

CREATE TABLE `so_selected_products` (
  `id` bigint UNSIGNED NOT NULL,
  `stock_opname_event_id` bigint UNSIGNED NOT NULL,
  `product_id` bigint UNSIGNED NOT NULL,
  `added_by_user_id` bigint UNSIGNED DEFAULT NULL,
  `created_at` timestamp NULL DEFAULT NULL,
  `updated_at` timestamp NULL DEFAULT NULL
) ENGINE=InnoDB DEFAULT CHARSET=utf8mb4 COLLATE=utf8mb4_unicode_ci;

--
-- Dumping data untuk tabel `so_selected_products`
--

INSERT INTO `so_selected_products` (`id`, `stock_opname_event_id`, `product_id`, `added_by_user_id`, `created_at`, `updated_at`) VALUES
(1, 1, 45, 1, '2025-05-22 14:50:46', '2025-05-22 14:50:46'),
(2, 1, 35, 1, '2025-05-22 14:50:55', '2025-05-22 14:50:55'),
(3, 1, 36, 1, '2025-05-22 14:51:02', '2025-05-22 14:51:02'),
(4, 1, 545, 1, '2025-05-22 15:10:50', '2025-05-22 15:10:50'),
(5, 1, 22, 1, '2025-05-23 05:31:24', '2025-05-23 05:31:24'),
(6, 1, 19, 1, '2025-05-23 05:31:34', '2025-05-23 05:31:34'),
(7, 1, 21, 1, '2025-05-23 05:31:40', '2025-05-23 05:31:40'),
(8, 2, 40, 1, '2025-05-26 11:43:11', '2025-05-26 11:43:11'),
(9, 2, 39, 1, '2025-05-26 11:43:19', '2025-05-26 11:43:19'),
(10, 2, 6, 1, '2025-05-26 15:52:54', '2025-05-26 15:52:54'),
(12, 2, 45, 1, '2025-05-27 14:31:27', '2025-05-27 14:31:27'),
(85, 3, 488, 1, '2025-06-01 14:49:32', '2025-06-01 14:49:32'),
(86, 3, 489, 1, '2025-06-01 14:49:32', '2025-06-01 14:49:32'),
(87, 3, 490, 1, '2025-06-01 14:49:32', '2025-06-01 14:49:32'),
(88, 3, 491, 1, '2025-06-01 14:49:32', '2025-06-01 14:49:32'),
(89, 3, 492, 1, '2025-06-01 14:49:32', '2025-06-01 14:49:32'),
(90, 3, 493, 1, '2025-06-01 14:49:32', '2025-06-01 14:49:32'),
(91, 3, 494, 1, '2025-06-01 14:49:32', '2025-06-01 14:49:32'),
(92, 3, 495, 1, '2025-06-01 14:49:32', '2025-06-01 14:49:32'),
(93, 3, 496, 1, '2025-06-01 14:49:32', '2025-06-01 14:49:32'),
(94, 3, 497, 1, '2025-06-01 14:49:32', '2025-06-01 14:49:32'),
(95, 3, 498, 1, '2025-06-01 14:49:33', '2025-06-01 14:49:33'),
(96, 3, 499, 1, '2025-06-01 14:49:33', '2025-06-01 14:49:33'),
(97, 3, 500, 1, '2025-06-01 14:49:33', '2025-06-01 14:49:33'),
(98, 3, 501, 1, '2025-06-01 14:49:33', '2025-06-01 14:49:33'),
(99, 3, 502, 1, '2025-06-01 14:49:33', '2025-06-01 14:49:33'),
(100, 3, 503, 1, '2025-06-01 14:49:33', '2025-06-01 14:49:33'),
(101, 3, 504, 1, '2025-06-01 14:49:33', '2025-06-01 14:49:33'),
(102, 3, 505, 1, '2025-06-01 14:49:33', '2025-06-01 14:49:33'),
(103, 3, 506, 1, '2025-06-01 14:49:33', '2025-06-01 14:49:33'),
(104, 3, 507, 1, '2025-06-01 14:49:33', '2025-06-01 14:49:33'),
(105, 3, 508, 1, '2025-06-01 14:49:33', '2025-06-01 14:49:33'),
(106, 3, 509, 1, '2025-06-01 14:49:33', '2025-06-01 14:49:33'),
(107, 3, 510, 1, '2025-06-01 14:49:33', '2025-06-01 14:49:33'),
(108, 3, 511, 1, '2025-06-01 14:49:33', '2025-06-01 14:49:33'),
(109, 3, 512, 1, '2025-06-01 14:49:33', '2025-06-01 14:49:33'),
(110, 3, 513, 1, '2025-06-01 14:49:33', '2025-06-01 14:49:33'),
(111, 3, 514, 1, '2025-06-01 14:49:33', '2025-06-01 14:49:33'),
(112, 3, 515, 1, '2025-06-01 14:49:33', '2025-06-01 14:49:33'),
(113, 3, 516, 1, '2025-06-01 14:49:33', '2025-06-01 14:49:33'),
(114, 3, 517, 1, '2025-06-01 14:49:33', '2025-06-01 14:49:33'),
(115, 3, 518, 1, '2025-06-01 14:49:33', '2025-06-01 14:49:33'),
(116, 3, 519, 1, '2025-06-01 14:49:33', '2025-06-01 14:49:33'),
(117, 3, 520, 1, '2025-06-01 14:49:33', '2025-06-01 14:49:33'),
(118, 3, 521, 1, '2025-06-01 14:49:33', '2025-06-01 14:49:33'),
(119, 3, 522, 1, '2025-06-01 14:49:33', '2025-06-01 14:49:33'),
(120, 3, 523, 1, '2025-06-01 14:49:33', '2025-06-01 14:49:33'),
(121, 3, 524, 1, '2025-06-01 14:49:33', '2025-06-01 14:49:33'),
(122, 3, 525, 1, '2025-06-01 14:49:33', '2025-06-01 14:49:33'),
(123, 3, 526, 1, '2025-06-01 14:49:33', '2025-06-01 14:49:33'),
(124, 3, 527, 1, '2025-06-01 14:49:33', '2025-06-01 14:49:33'),
(125, 3, 528, 1, '2025-06-01 14:49:33', '2025-06-01 14:49:33'),
(126, 3, 529, 1, '2025-06-01 14:49:33', '2025-06-01 14:49:33'),
(127, 3, 530, 1, '2025-06-01 14:49:33', '2025-06-01 14:49:33'),
(128, 3, 531, 1, '2025-06-01 14:49:33', '2025-06-01 14:49:33'),
(129, 3, 532, 1, '2025-06-01 14:49:33', '2025-06-01 14:49:33'),
(130, 3, 533, 1, '2025-06-01 14:49:33', '2025-06-01 14:49:33'),
(131, 3, 534, 1, '2025-06-01 14:49:33', '2025-06-01 14:49:33'),
(132, 3, 535, 1, '2025-06-01 14:49:33', '2025-06-01 14:49:33'),
(133, 3, 536, 1, '2025-06-01 14:49:33', '2025-06-01 14:49:33'),
(134, 3, 537, 1, '2025-06-01 14:49:33', '2025-06-01 14:49:33'),
(135, 3, 538, 1, '2025-06-01 14:49:33', '2025-06-01 14:49:33'),
(136, 3, 539, 1, '2025-06-01 14:49:33', '2025-06-01 14:49:33'),
(137, 3, 540, 1, '2025-06-01 14:49:33', '2025-06-01 14:49:33'),
(138, 3, 541, 1, '2025-06-01 14:49:33', '2025-06-01 14:49:33'),
(139, 3, 542, 1, '2025-06-01 14:49:33', '2025-06-01 14:49:33'),
(140, 3, 543, 1, '2025-06-01 14:49:33', '2025-06-01 14:49:33'),
(141, 3, 544, 1, '2025-06-01 14:49:33', '2025-06-01 14:49:33'),
(142, 3, 545, 1, '2025-06-01 14:49:33', '2025-06-01 14:49:33'),
(143, 3, 546, 1, '2025-06-01 14:49:33', '2025-06-01 14:49:33'),
(144, 3, 547, 1, '2025-06-01 14:49:33', '2025-06-01 14:49:33'),
(145, 3, 548, 1, '2025-06-01 14:49:33', '2025-06-01 14:49:33'),
(146, 3, 549, 1, '2025-06-01 14:49:33', '2025-06-01 14:49:33'),
(147, 3, 550, 1, '2025-06-01 14:49:33', '2025-06-01 14:49:33'),
(148, 3, 551, 1, '2025-06-01 14:49:33', '2025-06-01 14:49:33'),
(149, 3, 552, 1, '2025-06-01 14:49:33', '2025-06-01 14:49:33'),
(150, 3, 553, 1, '2025-06-01 14:49:33', '2025-06-01 14:49:33'),
(151, 3, 554, 1, '2025-06-01 14:49:33', '2025-06-01 14:49:33'),
(152, 3, 555, 1, '2025-06-01 14:49:33', '2025-06-01 14:49:33'),
(153, 3, 556, 1, '2025-06-01 14:49:33', '2025-06-01 14:49:33'),
(295, 4, 1, 1, '2025-06-02 16:50:51', '2025-06-02 16:50:51'),
(296, 4, 2, 1, '2025-06-02 16:50:51', '2025-06-02 16:50:51'),
(297, 4, 3, 1, '2025-06-02 16:50:51', '2025-06-02 16:50:51'),
(298, 4, 4, 1, '2025-06-02 16:50:51', '2025-06-02 16:50:51'),
(299, 4, 5, 1, '2025-06-02 16:50:51', '2025-06-02 16:50:51'),
(300, 4, 6, 1, '2025-06-02 16:50:51', '2025-06-02 16:50:51'),
(301, 4, 7, 1, '2025-06-02 16:50:51', '2025-06-02 16:50:51'),
(302, 4, 8, 1, '2025-06-02 16:50:51', '2025-06-02 16:50:51'),
(303, 4, 9, 1, '2025-06-02 16:50:51', '2025-06-02 16:50:51'),
(304, 4, 10, 1, '2025-06-02 16:50:51', '2025-06-02 16:50:51'),
(305, 4, 11, 1, '2025-06-02 16:50:51', '2025-06-02 16:50:51'),
(306, 4, 12, 1, '2025-06-02 16:50:51', '2025-06-02 16:50:51'),
(307, 4, 13, 1, '2025-06-02 16:50:51', '2025-06-02 16:50:51'),
(308, 4, 14, 1, '2025-06-02 16:50:51', '2025-06-02 16:50:51'),
(309, 4, 15, 1, '2025-06-02 16:50:51', '2025-06-02 16:50:51'),
(310, 4, 16, 1, '2025-06-02 16:50:51', '2025-06-02 16:50:51'),
(311, 4, 17, 1, '2025-06-02 16:50:51', '2025-06-02 16:50:51'),
(312, 4, 18, 1, '2025-06-02 16:50:51', '2025-06-02 16:50:51'),
(313, 4, 19, 1, '2025-06-02 16:50:51', '2025-06-02 16:50:51'),
(314, 4, 20, 1, '2025-06-02 16:50:51', '2025-06-02 16:50:51'),
(315, 4, 21, 1, '2025-06-02 16:50:51', '2025-06-02 16:50:51'),
(316, 4, 22, 1, '2025-06-02 16:50:51', '2025-06-02 16:50:51'),
(317, 4, 23, 1, '2025-06-02 16:50:51', '2025-06-02 16:50:51'),
(318, 4, 24, 1, '2025-06-02 16:50:51', '2025-06-02 16:50:51'),
(319, 4, 25, 1, '2025-06-02 16:50:51', '2025-06-02 16:50:51'),
(320, 4, 26, 1, '2025-06-02 16:50:51', '2025-06-02 16:50:51'),
(321, 4, 27, 1, '2025-06-02 16:50:51', '2025-06-02 16:50:51'),
(322, 4, 28, 1, '2025-06-02 16:50:51', '2025-06-02 16:50:51'),
(323, 4, 29, 1, '2025-06-02 16:50:51', '2025-06-02 16:50:51'),
(324, 4, 30, 1, '2025-06-02 16:50:51', '2025-06-02 16:50:51'),
(325, 4, 31, 1, '2025-06-02 16:50:51', '2025-06-02 16:50:51'),
(326, 4, 32, 1, '2025-06-02 16:50:51', '2025-06-02 16:50:51'),
(327, 4, 33, 1, '2025-06-02 16:50:51', '2025-06-02 16:50:51'),
(328, 4, 34, 1, '2025-06-02 16:50:51', '2025-06-02 16:50:51'),
(329, 4, 35, 1, '2025-06-02 16:50:51', '2025-06-02 16:50:51'),
(330, 4, 36, 1, '2025-06-02 16:50:51', '2025-06-02 16:50:51'),
(331, 4, 37, 1, '2025-06-02 16:50:51', '2025-06-02 16:50:51'),
(332, 4, 38, 1, '2025-06-02 16:50:51', '2025-06-02 16:50:51'),
(333, 4, 39, 1, '2025-06-02 16:50:51', '2025-06-02 16:50:51'),
(334, 4, 40, 1, '2025-06-02 16:50:51', '2025-06-02 16:50:51'),
(335, 4, 41, 1, '2025-06-02 16:50:51', '2025-06-02 16:50:51'),
(336, 4, 42, 1, '2025-06-02 16:50:51', '2025-06-02 16:50:51'),
(337, 4, 43, 1, '2025-06-02 16:50:51', '2025-06-02 16:50:51'),
(338, 4, 44, 1, '2025-06-02 16:50:51', '2025-06-02 16:50:51'),
(339, 4, 45, 1, '2025-06-02 16:50:51', '2025-06-02 16:50:51'),
(340, 4, 46, 1, '2025-06-02 16:50:51', '2025-06-02 16:50:51'),
(341, 4, 47, 1, '2025-06-02 16:50:51', '2025-06-02 16:50:51'),
(342, 4, 48, 1, '2025-06-02 16:50:51', '2025-06-02 16:50:51'),
(343, 4, 49, 1, '2025-06-02 16:50:51', '2025-06-02 16:50:51'),
(344, 4, 50, 1, '2025-06-02 16:50:51', '2025-06-02 16:50:51'),
(345, 4, 51, 1, '2025-06-02 16:50:51', '2025-06-02 16:50:51'),
(346, 4, 52, 1, '2025-06-02 16:50:51', '2025-06-02 16:50:51'),
(347, 4, 53, 1, '2025-06-02 16:50:51', '2025-06-02 16:50:51'),
(348, 4, 54, 1, '2025-06-02 16:50:51', '2025-06-02 16:50:51'),
(349, 4, 55, 1, '2025-06-02 16:50:51', '2025-06-02 16:50:51'),
(350, 4, 56, 1, '2025-06-02 16:50:51', '2025-06-02 16:50:51'),
(351, 4, 57, 1, '2025-06-02 16:50:51', '2025-06-02 16:50:51'),
(352, 4, 58, 1, '2025-06-02 16:50:51', '2025-06-02 16:50:51'),
(353, 4, 59, 1, '2025-06-02 16:50:51', '2025-06-02 16:50:51'),
(354, 4, 60, 1, '2025-06-02 16:50:51', '2025-06-02 16:50:51'),
(355, 4, 61, 1, '2025-06-02 16:50:51', '2025-06-02 16:50:51'),
(356, 4, 62, 1, '2025-06-02 16:50:51', '2025-06-02 16:50:51'),
(357, 4, 63, 1, '2025-06-02 16:50:51', '2025-06-02 16:50:51'),
(358, 4, 64, 1, '2025-06-02 16:50:51', '2025-06-02 16:50:51'),
(359, 4, 65, 1, '2025-06-02 16:50:51', '2025-06-02 16:50:51'),
(360, 4, 66, 1, '2025-06-02 16:50:51', '2025-06-02 16:50:51'),
(361, 4, 67, 1, '2025-06-02 16:50:51', '2025-06-02 16:50:51'),
(362, 4, 68, 1, '2025-06-02 16:50:51', '2025-06-02 16:50:51'),
(363, 4, 69, 1, '2025-06-02 16:50:51', '2025-06-02 16:50:51'),
(364, 4, 70, 1, '2025-06-02 16:50:51', '2025-06-02 16:50:51'),
(365, 4, 71, 1, '2025-06-02 16:50:51', '2025-06-02 16:50:51'),
(366, 4, 72, 1, '2025-06-02 16:50:51', '2025-06-02 16:50:51'),
(367, 5, 557, 1, '2025-06-05 17:24:38', '2025-06-05 17:24:38'),
(368, 5, 558, 1, '2025-06-05 17:24:38', '2025-06-05 17:24:38'),
(369, 5, 559, 1, '2025-06-05 17:24:38', '2025-06-05 17:24:38'),
(370, 5, 560, 1, '2025-06-05 17:24:38', '2025-06-05 17:24:38'),
(371, 5, 561, 1, '2025-06-05 17:24:38', '2025-06-05 17:24:38'),
(372, 5, 562, 1, '2025-06-05 17:24:38', '2025-06-05 17:24:38'),
(373, 5, 563, 1, '2025-06-05 17:24:38', '2025-06-05 17:24:38'),
(374, 5, 564, 1, '2025-06-05 17:24:38', '2025-06-05 17:24:38'),
(375, 5, 565, 1, '2025-06-05 17:24:38', '2025-06-05 17:24:38'),
(376, 5, 566, 1, '2025-06-05 17:24:38', '2025-06-05 17:24:38'),
(377, 5, 567, 1, '2025-06-05 17:24:38', '2025-06-05 17:24:38'),
(378, 5, 568, 1, '2025-06-05 17:24:38', '2025-06-05 17:24:38'),
(379, 5, 569, 1, '2025-06-05 17:24:38', '2025-06-05 17:24:38'),
(380, 5, 570, 1, '2025-06-05 17:24:38', '2025-06-05 17:24:38'),
(381, 5, 571, 1, '2025-06-05 17:24:38', '2025-06-05 17:24:38'),
(382, 5, 572, 1, '2025-06-05 17:24:38', '2025-06-05 17:24:38'),
(383, 5, 573, 1, '2025-06-05 17:24:38', '2025-06-05 17:24:38'),
(384, 5, 574, 1, '2025-06-05 17:24:38', '2025-06-05 17:24:38'),
(385, 5, 575, 1, '2025-06-05 17:24:38', '2025-06-05 17:24:38'),
(386, 5, 576, 1, '2025-06-05 17:24:38', '2025-06-05 17:24:38'),
(387, 5, 577, 1, '2025-06-05 17:24:38', '2025-06-05 17:24:38'),
(388, 5, 578, 1, '2025-06-05 17:24:38', '2025-06-05 17:24:38'),
(389, 5, 579, 1, '2025-06-05 17:24:38', '2025-06-05 17:24:38'),
(390, 5, 580, 1, '2025-06-05 17:24:38', '2025-06-05 17:24:38'),
(391, 5, 581, 1, '2025-06-05 17:24:38', '2025-06-05 17:24:38'),
(392, 5, 582, 1, '2025-06-05 17:24:38', '2025-06-05 17:24:38'),
(393, 5, 583, 1, '2025-06-05 17:24:38', '2025-06-05 17:24:38'),
(394, 5, 584, 1, '2025-06-05 17:24:38', '2025-06-05 17:24:38'),
(395, 5, 585, 1, '2025-06-05 17:24:38', '2025-06-05 17:24:38');

-- --------------------------------------------------------

--
-- Struktur dari tabel `stock_audits`
--

CREATE TABLE `stock_audits` (
  `id` bigint UNSIGNED NOT NULL,
  `user_id` bigint UNSIGNED NOT NULL,
  `stock_opname_event_id` bigint UNSIGNED NOT NULL,
  `product_id` bigint UNSIGNED NOT NULL,
  `nomor_nota` varchar(50) COLLATE utf8mb4_unicode_ci DEFAULT NULL COMMENT 'Nomor Nota atau Referensi',
  `system_stock` int NOT NULL,
  `physical_stock` int NOT NULL,
  `difference` int NOT NULL,
  `notes` text COLLATE utf8mb4_unicode_ci,
  `checked_by` varchar(100) COLLATE utf8mb4_unicode_ci DEFAULT NULL COMMENT 'Nama pengecek jika berbeda dari user_id atau untuk catatan tambahan',
  `checked_at` timestamp NULL DEFAULT CURRENT_TIMESTAMP
) ENGINE=InnoDB DEFAULT CHARSET=utf8mb4 COLLATE=utf8mb4_unicode_ci;

--
-- Dumping data untuk tabel `stock_audits`
--

INSERT INTO `stock_audits` (`id`, `user_id`, `stock_opname_event_id`, `product_id`, `nomor_nota`, `system_stock`, `physical_stock`, `difference`, `notes`, `checked_by`, `checked_at`) VALUES
(35, 3, 2, 6, '11062025-1SIK-7686', 4, 4, -2, NULL, NULL, '2025-06-13 16:50:55'),
(36, 3, 2, 39, '11062025-1SIK-7686', 4, 0, -3, NULL, NULL, '2025-06-13 16:50:55'),
(37, 3, 2, 40, '11062025-1SIK-7686', 4, 0, -4, NULL, NULL, '2025-06-13 16:50:55'),
(38, 3, 2, 45, '11062025-1SIK-7686', 4, 3, -4, NULL, NULL, '2025-06-13 16:50:55'),
(39, 3, 1, 19, '14062025-1SIK-8353', 0, 0, 0, NULL, NULL, '2025-06-13 18:09:26'),
(40, 3, 1, 21, '14062025-1SIK-8353', 0, 0, 0, NULL, NULL, '2025-06-13 18:09:26'),
(41, 3, 1, 22, '14062025-1SIK-8353', 0, 0, 0, NULL, NULL, '2025-06-13 18:09:26'),
(42, 3, 1, 35, '14062025-1SIK-8353', 1, 0, -1, NULL, NULL, '2025-06-13 18:09:26'),
(43, 3, 1, 36, '14062025-1SIK-8353', 0, 0, 0, NULL, NULL, '2025-06-13 18:09:26'),
(44, 3, 1, 45, '14062025-1SIK-8353', 4, 0, -4, NULL, NULL, '2025-06-13 18:09:26'),
(45, 3, 1, 545, '14062025-1SIK-8353', 1, 0, -1, NULL, NULL, '2025-06-13 18:09:26');

-- --------------------------------------------------------

--
-- Struktur dari tabel `stock_opname_events`
--

CREATE TABLE `stock_opname_events` (
  `id` bigint UNSIGNED NOT NULL,
  `name` varchar(255) COLLATE utf8mb4_unicode_ci NOT NULL,
  `description` text COLLATE utf8mb4_unicode_ci,
  `status` enum('pending','active','completed','cancelled') COLLATE utf8mb4_unicode_ci NOT NULL DEFAULT 'pending',
  `created_by_user_id` bigint UNSIGNED NOT NULL,
  `start_date` date DEFAULT NULL,
  `end_date` date DEFAULT NULL,
  `created_at` timestamp NULL DEFAULT NULL,
  `updated_at` timestamp NULL DEFAULT NULL
) ENGINE=InnoDB DEFAULT CHARSET=utf8mb4 COLLATE=utf8mb4_unicode_ci;

--
-- Dumping data untuk tabel `stock_opname_events`
--

INSERT INTO `stock_opname_events` (`id`, `name`, `description`, `status`, `created_by_user_id`, `start_date`, `end_date`, `created_at`, `updated_at`) VALUES
(1, 'SO ITEM PSM', 'SO UNTUK ITEM PROMO PSM', 'active', 1, '2025-05-22', '2025-05-31', '2025-05-22 14:49:06', '2025-05-26 07:42:19'),
(2, 'SO ITEM PWP', 'SO ITEM PROMO PWP', 'active', 1, '2025-05-23', '2025-06-24', '2025-05-23 05:14:32', '2025-06-02 18:59:45'),
(3, 'BA1', 'SO ITEM PER RAK', 'active', 1, '2025-05-29', '2025-06-07', '2025-05-30 15:22:12', '2025-05-30 15:39:12'),
(4, 'KA3', 'RAK KA3', 'active', 1, '2025-06-02', '2025-06-12', '2025-06-01 16:23:14', '2025-06-02 00:41:50'),
(5, 'AC1 CHILER 1', 'RAK KANZLER', 'active', 1, '2025-06-06', '2025-06-30', '2025-06-05 17:24:23', '2025-06-05 17:24:23');

-- --------------------------------------------------------

--
-- Struktur dari tabel `temp_stock_entries`
--

CREATE TABLE `temp_stock_entries` (
  `id` bigint UNSIGNED NOT NULL,
  `user_id` bigint UNSIGNED NOT NULL,
  `stock_opname_event_id` bigint UNSIGNED DEFAULT NULL,
  `nomor_nota` varchar(50) COLLATE utf8mb4_unicode_ci NOT NULL COMMENT 'Nomor nota yang sedang dikerjakan',
  `product_id` bigint UNSIGNED NOT NULL,
  `product_name` varchar(255) COLLATE utf8mb4_unicode_ci NOT NULL COMMENT 'Nama produk (bisa diambil dari relasi)',
  `barcode` varchar(100) COLLATE utf8mb4_unicode_ci DEFAULT NULL COMMENT 'Barcode produk (bisa diambil dari relasi)',
  `product_code` varchar(50) COLLATE utf8mb4_unicode_ci DEFAULT NULL COMMENT 'Kode produk (bisa diambil dari relasi)',
  `system_stock` int NOT NULL COMMENT 'Stok sistem dari user_product_stock',
  `physical_stock` int DEFAULT NULL COMMENT 'Stok fisik hasil hitung',
  `difference` int DEFAULT NULL COMMENT 'Selisih sistem dan fisik',
  `created_at` timestamp NULL DEFAULT CURRENT_TIMESTAMP,
  `updated_at` timestamp NULL DEFAULT NULL
) ENGINE=InnoDB DEFAULT CHARSET=utf8mb4 COLLATE=utf8mb4_unicode_ci;

--
-- Dumping data untuk tabel `temp_stock_entries`
--

INSERT INTO `temp_stock_entries` (`id`, `user_id`, `stock_opname_event_id`, `nomor_nota`, `product_id`, `product_name`, `barcode`, `product_code`, `system_stock`, `physical_stock`, `difference`, `created_at`, `updated_at`) VALUES
(212, 3, 2, '11062025-1SIK-7686', 6, 'BIORE BW RELAXING AROMATIC725ML', '899272700925', '443849', 4, 4, -2, '2025-06-11 12:30:44', '2025-06-13 15:33:04'),
(213, 3, 2, '11062025-1SIK-7686', 39, 'ZEN BW RED SHISHOSJUNIPER 400ML', '899294653446', '444027', 4, 0, -3, '2025-06-11 12:30:44', '2025-06-13 16:31:00'),
(214, 3, 2, '11062025-1SIK-7686', 40, 'ZEN BW SHISOKSDUWOOD 400ML', '899294653136', '413198', 4, 0, -4, '2025-06-11 12:30:44', '2025-06-13 16:31:06'),
(215, 3, 2, '11062025-1SIK-7686', 45, 'ALFAMART BATH SPONGE', '899401601035', '430901', 4, 3, -4, '2025-06-11 12:30:44', '2025-06-13 16:44:19'),
(216, 2, 2, '13062025-1SEM-6548', 6, 'BIORE BW RELAXING AROMATIC725ML', '899272700925', '443849', 5, 1, -5, '2025-06-13 13:00:15', '2025-06-13 14:00:37'),
(217, 2, 2, '13062025-1SEM-6548', 39, 'ZEN BW RED SHISHOSJUNIPER 400ML', '899294653446', '444027', 5, 1, -5, '2025-06-13 13:00:15', '2025-06-13 14:00:48'),
(218, 2, 2, '13062025-1SEM-6548', 40, 'ZEN BW SHISOKSDUWOOD 400ML', '899294653136', '413198', 5, 0, -5, '2025-06-13 13:00:15', '2025-06-13 13:00:15'),
(219, 2, 2, '13062025-1SEM-6548', 45, 'ALFAMART BATH SPONGE', '899401601035', '430901', 8, 0, -8, '2025-06-13 13:00:15', '2025-06-13 13:00:15'),
(419, 3, 1, '14062025-1SIK-8353', 19, 'BIORE BW GUARD DECO DELIMA 400ML', '899272700907', '443006', 0, 0, 0, '2025-06-13 17:24:48', '2025-06-13 17:24:48'),
(420, 3, 1, '14062025-1SIK-8353', 21, 'BIORE BW GUARD E.COOL 400ML', '899272700501', '126299', 0, 0, 0, '2025-06-13 17:24:48', '2025-06-13 17:24:48'),
(421, 3, 1, '14062025-1SIK-8353', 22, 'BIORE BW GUARD ANTI BACTRL400ML', '899272700172', '105977', 0, 0, 0, '2025-06-13 17:24:48', '2025-06-13 17:24:48'),
(422, 3, 1, '14062025-1SIK-8353', 35, 'ALFAMART BW ANTIBACT BR 400ML', '899401601294', '441267', 1, 0, -1, '2025-06-13 17:24:48', '2025-06-13 17:24:48'),
(423, 3, 1, '14062025-1SIK-8353', 36, 'ALFAMART BW ANTIBACT HJ 400ML', '899401601293', '441266', 0, 0, 0, '2025-06-13 17:24:48', '2025-06-13 17:24:48'),
(424, 3, 1, '14062025-1SIK-8353', 45, 'ALFAMART BATH SPONGE', '899401601035', '430901', 4, 0, -4, '2025-06-13 17:24:48', '2025-06-13 17:24:48'),
(425, 3, 1, '14062025-1SIK-8353', 545, 'BENG-BENG DRINK 10X27/29G', '899600143107', '439742', 1, 0, -1, '2025-06-13 17:24:48', '2025-06-13 17:24:48');

-- --------------------------------------------------------

--
-- Struktur dari tabel `users`
--

CREATE TABLE `users` (
  `id` bigint UNSIGNED NOT NULL,
  `name` varchar(255) COLLATE utf8mb4_unicode_ci NOT NULL,
  `username` varchar(50) COLLATE utf8mb4_unicode_ci NOT NULL,
  `password` varchar(255) COLLATE utf8mb4_unicode_ci NOT NULL,
  `role` enum('admin','user') COLLATE utf8mb4_unicode_ci NOT NULL DEFAULT 'user',
  `created_at` timestamp NOT NULL DEFAULT CURRENT_TIMESTAMP,
  `updated_at` timestamp NULL DEFAULT CURRENT_TIMESTAMP ON UPDATE CURRENT_TIMESTAMP
) ENGINE=InnoDB DEFAULT CHARSET=utf8mb4 COLLATE=utf8mb4_unicode_ci;

--
-- Dumping data untuk tabel `users`
--

INSERT INTO `users` (`id`, `name`, `username`, `password`, `role`, `created_at`, `updated_at`) VALUES
(1, 'ADMINISTRATOR', 'ADMIN', '$2y$12$7fEShxsX/f/1Uaf4nuTLbOU65uek37qZ9RDsXpB.Pr3RLTr1hh6Ky', 'admin', '2025-05-20 07:03:54', '2025-06-02 17:32:05'),
(2, 'BATU RIMPANG', '1SEM', '$2y$12$xycpO9OQNpogZf8VvTDWZe/wxXBWFUpBFHsPRvTuaxT49A7KFiCQm', 'user', '2025-05-21 16:00:18', '2025-06-02 17:31:26'),
(3, 'KETAPANG RAYA', '1SIK', '$2y$12$hEDIGTjGQFezSXeMDc9DX.SSKkxjcSE.kPzX3yb4fIAJ163kfk4JW', 'user', '2025-05-21 17:45:51', '2025-06-02 17:31:48');

-- --------------------------------------------------------

--
-- Struktur dari tabel `user_product_stock`
--

CREATE TABLE `user_product_stock` (
  `id` bigint UNSIGNED NOT NULL,
  `user_id` bigint UNSIGNED NOT NULL,
  `product_id` bigint UNSIGNED NOT NULL,
  `stock` int NOT NULL DEFAULT '0',
  `updated_at` timestamp NULL DEFAULT CURRENT_TIMESTAMP ON UPDATE CURRENT_TIMESTAMP,
  `created_at` timestamp NULL DEFAULT CURRENT_TIMESTAMP
) ENGINE=InnoDB DEFAULT CHARSET=utf8mb4 COLLATE=utf8mb4_unicode_ci;

--
-- Dumping data untuk tabel `user_product_stock`
--

INSERT INTO `user_product_stock` (`id`, `user_id`, `product_id`, `stock`, `updated_at`, `created_at`) VALUES
(7, 2, 45, 8, '2025-06-11 08:38:48', '2025-05-22 02:41:57'),
(8, 3, 45, 4, '2025-06-13 16:02:42', '2025-05-22 02:42:09'),
(9, 2, 499, 2, '2025-05-27 16:25:01', '2025-05-22 05:10:15'),
(10, 2, 35, 1, '2025-06-04 05:53:38', '2025-05-22 15:24:23'),
(11, 2, 36, 9, '2025-05-27 15:31:41', '2025-05-22 15:38:17'),
(12, 2, 545, 1, '2025-05-30 14:29:57', '2025-05-22 15:38:26'),
(13, 3, 35, 1, '2025-06-09 16:13:40', '2025-05-23 05:23:57'),
(14, 2, 22, 10, '2025-05-27 15:32:25', '2025-05-26 01:41:29'),
(15, 2, 19, 1, '2025-05-29 00:16:32', '2025-05-26 01:41:41'),
(16, 2, 21, 2, '2025-05-29 00:16:41', '2025-05-26 01:41:55'),
(17, 2, 39, 5, '2025-06-04 05:59:09', '2025-05-26 14:17:01'),
(18, 2, 505, 1, '2025-05-27 16:22:37', '2025-05-27 16:22:37'),
(19, 2, 508, 2, '2025-05-27 16:25:07', '2025-05-27 16:25:07'),
(20, 2, 513, 2, '2025-05-27 16:25:15', '2025-05-27 16:25:15'),
(21, 2, 500, 2, '2025-05-27 16:25:24', '2025-05-27 16:25:24'),
(22, 2, 498, 2, '2025-05-27 16:25:30', '2025-05-27 16:25:30'),
(23, 2, 507, 1, '2025-05-27 16:25:42', '2025-05-27 16:25:42'),
(24, 3, 545, 1, '2025-05-30 13:14:33', '2025-05-30 13:14:33'),
(25, 3, 556, 1, '2025-05-30 13:17:40', '2025-05-30 13:17:40'),
(26, 3, 515, 1, '2025-05-30 13:17:58', '2025-05-30 13:17:58'),
(27, 2, 556, 1, '2025-05-30 14:30:06', '2025-05-30 14:30:06'),
(28, 3, 6, 4, '2025-06-13 12:56:46', '2025-06-03 02:59:56'),
(29, 3, 39, 4, '2025-06-13 12:57:36', '2025-06-03 03:00:02'),
(30, 3, 40, 4, '2025-06-13 12:57:25', '2025-06-03 03:00:08'),
(31, 2, 15, 25, '2025-06-04 05:42:04', '2025-06-04 05:42:04'),
(32, 2, 10, 1, '2025-06-04 05:53:02', '2025-06-04 05:53:02'),
(33, 2, 6, 2, '2025-06-13 13:58:12', '2025-06-04 05:54:15'),
(34, 2, 40, 5, '2025-06-04 05:59:16', '2025-06-04 05:59:16'),
(35, 2, 57, 5, '2025-06-04 06:22:53', '2025-06-04 06:22:53'),
(36, 2, 584, 1, '2025-06-10 03:40:57', '2025-06-05 17:25:51'),
(37, 3, 36, 0, '2025-06-13 11:31:20', '2025-06-09 16:21:17');

--
-- Indexes for dumped tables
--

--
-- Indeks untuk tabel `cache`
--
ALTER TABLE `cache`
  ADD PRIMARY KEY (`key`);

--
-- Indeks untuk tabel `cache_locks`
--
ALTER TABLE `cache_locks`
  ADD PRIMARY KEY (`key`);

--
-- Indeks untuk tabel `failed_jobs`
--
ALTER TABLE `failed_jobs`
  ADD PRIMARY KEY (`id`),
  ADD UNIQUE KEY `failed_jobs_uuid_unique` (`uuid`);

--
-- Indeks untuk tabel `flutter_app_versions`
--
ALTER TABLE `flutter_app_versions`
  ADD PRIMARY KEY (`id`),
  ADD UNIQUE KEY `flutter_app_versions_version_name_unique` (`version_name`);

--
-- Indeks untuk tabel `jobs`
--
ALTER TABLE `jobs`
  ADD PRIMARY KEY (`id`),
  ADD KEY `jobs_queue_index` (`queue`);

--
-- Indeks untuk tabel `job_batches`
--
ALTER TABLE `job_batches`
  ADD PRIMARY KEY (`id`);

--
-- Indeks untuk tabel `migrations`
--
ALTER TABLE `migrations`
  ADD PRIMARY KEY (`id`);

--
-- Indeks untuk tabel `personal_access_tokens`
--
ALTER TABLE `personal_access_tokens`
  ADD PRIMARY KEY (`id`),
  ADD UNIQUE KEY `personal_access_tokens_token_unique` (`token`),
  ADD KEY `personal_access_tokens_tokenable_type_tokenable_id_index` (`tokenable_type`,`tokenable_id`);

--
-- Indeks untuk tabel `products`
--
ALTER TABLE `products`
  ADD PRIMARY KEY (`id`),
  ADD UNIQUE KEY `products_barcode_unique` (`barcode`),
  ADD KEY `products_rack_id_foreign` (`rack_id`);

--
-- Indeks untuk tabel `racks`
--
ALTER TABLE `racks`
  ADD PRIMARY KEY (`id`);

--
-- Indeks untuk tabel `sessions`
--
ALTER TABLE `sessions`
  ADD PRIMARY KEY (`id`),
  ADD KEY `sessions_user_id_index` (`user_id`),
  ADD KEY `sessions_last_activity_index` (`last_activity`);

--
-- Indeks untuk tabel `so_selected_products`
--
ALTER TABLE `so_selected_products`
  ADD PRIMARY KEY (`id`),
  ADD UNIQUE KEY `so_event_product_unique` (`stock_opname_event_id`,`product_id`),
  ADD KEY `so_selected_products_added_by_user_id_foreign` (`added_by_user_id`),
  ADD KEY `so_selected_products_product_id_foreign_new` (`product_id`);

--
-- Indeks untuk tabel `stock_audits`
--
ALTER TABLE `stock_audits`
  ADD PRIMARY KEY (`id`),
  ADD KEY `stock_audits_stock_opname_event_id_foreign` (`stock_opname_event_id`),
  ADD KEY `stock_audits_product_id_foreign` (`product_id`),
  ADD KEY `idx_user_nota_event_audit` (`user_id`,`nomor_nota`,`stock_opname_event_id`);

--
-- Indeks untuk tabel `stock_opname_events`
--
ALTER TABLE `stock_opname_events`
  ADD PRIMARY KEY (`id`),
  ADD KEY `stock_opname_events_created_by_user_id_foreign` (`created_by_user_id`);

--
-- Indeks untuk tabel `temp_stock_entries`
--
ALTER TABLE `temp_stock_entries`
  ADD PRIMARY KEY (`id`),
  ADD UNIQUE KEY `uk_user_nota_product` (`user_id`,`nomor_nota`,`product_id`),
  ADD KEY `temp_stock_entries_product_id_foreign` (`product_id`),
  ADD KEY `idx_user_nota` (`user_id`,`nomor_nota`),
  ADD KEY `temp_stock_entries_stock_opname_event_id_foreign` (`stock_opname_event_id`),
  ADD KEY `temp_stock_entries_user_id_stock_opname_event_id_index` (`user_id`,`stock_opname_event_id`);

--
-- Indeks untuk tabel `users`
--
ALTER TABLE `users`
  ADD PRIMARY KEY (`id`),
  ADD UNIQUE KEY `users_username_unique` (`username`);

--
-- Indeks untuk tabel `user_product_stock`
--
ALTER TABLE `user_product_stock`
  ADD PRIMARY KEY (`id`),
  ADD UNIQUE KEY `uq_user_product` (`user_id`,`product_id`),
  ADD KEY `user_product_stock_product_id_foreign` (`product_id`);

--
-- AUTO_INCREMENT untuk tabel yang dibuang
--

--
-- AUTO_INCREMENT untuk tabel `failed_jobs`
--
ALTER TABLE `failed_jobs`
  MODIFY `id` bigint UNSIGNED NOT NULL AUTO_INCREMENT;

--
-- AUTO_INCREMENT untuk tabel `flutter_app_versions`
--
ALTER TABLE `flutter_app_versions`
  MODIFY `id` bigint UNSIGNED NOT NULL AUTO_INCREMENT, AUTO_INCREMENT=3;

--
-- AUTO_INCREMENT untuk tabel `jobs`
--
ALTER TABLE `jobs`
  MODIFY `id` bigint UNSIGNED NOT NULL AUTO_INCREMENT;

--
-- AUTO_INCREMENT untuk tabel `migrations`
--
ALTER TABLE `migrations`
  MODIFY `id` int UNSIGNED NOT NULL AUTO_INCREMENT, AUTO_INCREMENT=27;

--
-- AUTO_INCREMENT untuk tabel `personal_access_tokens`
--
ALTER TABLE `personal_access_tokens`
  MODIFY `id` bigint UNSIGNED NOT NULL AUTO_INCREMENT, AUTO_INCREMENT=30;

--
-- AUTO_INCREMENT untuk tabel `products`
--
ALTER TABLE `products`
  MODIFY `id` bigint UNSIGNED NOT NULL AUTO_INCREMENT, AUTO_INCREMENT=641;

--
-- AUTO_INCREMENT untuk tabel `racks`
--
ALTER TABLE `racks`
  MODIFY `id` bigint UNSIGNED NOT NULL AUTO_INCREMENT, AUTO_INCREMENT=5;

--
-- AUTO_INCREMENT untuk tabel `so_selected_products`
--
ALTER TABLE `so_selected_products`
  MODIFY `id` bigint UNSIGNED NOT NULL AUTO_INCREMENT, AUTO_INCREMENT=396;

--
-- AUTO_INCREMENT untuk tabel `stock_audits`
--
ALTER TABLE `stock_audits`
  MODIFY `id` bigint UNSIGNED NOT NULL AUTO_INCREMENT, AUTO_INCREMENT=46;

--
-- AUTO_INCREMENT untuk tabel `stock_opname_events`
--
ALTER TABLE `stock_opname_events`
  MODIFY `id` bigint UNSIGNED NOT NULL AUTO_INCREMENT, AUTO_INCREMENT=6;

--
-- AUTO_INCREMENT untuk tabel `temp_stock_entries`
--
ALTER TABLE `temp_stock_entries`
  MODIFY `id` bigint UNSIGNED NOT NULL AUTO_INCREMENT, AUTO_INCREMENT=426;

--
-- AUTO_INCREMENT untuk tabel `users`
--
ALTER TABLE `users`
  MODIFY `id` bigint UNSIGNED NOT NULL AUTO_INCREMENT, AUTO_INCREMENT=4;

--
-- AUTO_INCREMENT untuk tabel `user_product_stock`
--
ALTER TABLE `user_product_stock`
  MODIFY `id` bigint UNSIGNED NOT NULL AUTO_INCREMENT, AUTO_INCREMENT=38;

--
-- Ketidakleluasaan untuk tabel pelimpahan (Dumped Tables)
--

--
-- Ketidakleluasaan untuk tabel `products`
--
ALTER TABLE `products`
  ADD CONSTRAINT `products_rack_id_foreign` FOREIGN KEY (`rack_id`) REFERENCES `racks` (`id`) ON DELETE SET NULL;

--
-- Ketidakleluasaan untuk tabel `so_selected_products`
--
ALTER TABLE `so_selected_products`
  ADD CONSTRAINT `so_selected_products_added_by_user_id_foreign` FOREIGN KEY (`added_by_user_id`) REFERENCES `users` (`id`) ON DELETE SET NULL,
  ADD CONSTRAINT `so_selected_products_product_id_foreign_new` FOREIGN KEY (`product_id`) REFERENCES `products` (`id`) ON DELETE CASCADE,
  ADD CONSTRAINT `so_selected_products_stock_opname_event_id_foreign` FOREIGN KEY (`stock_opname_event_id`) REFERENCES `stock_opname_events` (`id`) ON DELETE CASCADE;

--
-- Ketidakleluasaan untuk tabel `stock_audits`
--
ALTER TABLE `stock_audits`
  ADD CONSTRAINT `stock_audits_product_id_foreign` FOREIGN KEY (`product_id`) REFERENCES `products` (`id`) ON DELETE CASCADE,
  ADD CONSTRAINT `stock_audits_stock_opname_event_id_foreign` FOREIGN KEY (`stock_opname_event_id`) REFERENCES `stock_opname_events` (`id`) ON DELETE CASCADE,
  ADD CONSTRAINT `stock_audits_user_id_foreign` FOREIGN KEY (`user_id`) REFERENCES `users` (`id`) ON DELETE CASCADE;

--
-- Ketidakleluasaan untuk tabel `stock_opname_events`
--
ALTER TABLE `stock_opname_events`
  ADD CONSTRAINT `stock_opname_events_created_by_user_id_foreign` FOREIGN KEY (`created_by_user_id`) REFERENCES `users` (`id`) ON DELETE CASCADE;

--
-- Ketidakleluasaan untuk tabel `temp_stock_entries`
--
ALTER TABLE `temp_stock_entries`
  ADD CONSTRAINT `temp_stock_entries_product_id_foreign` FOREIGN KEY (`product_id`) REFERENCES `products` (`id`) ON DELETE CASCADE,
  ADD CONSTRAINT `temp_stock_entries_stock_opname_event_id_foreign` FOREIGN KEY (`stock_opname_event_id`) REFERENCES `stock_opname_events` (`id`) ON DELETE CASCADE,
  ADD CONSTRAINT `temp_stock_entries_user_id_foreign` FOREIGN KEY (`user_id`) REFERENCES `users` (`id`) ON DELETE CASCADE;

--
-- Ketidakleluasaan untuk tabel `user_product_stock`
--
ALTER TABLE `user_product_stock`
  ADD CONSTRAINT `user_product_stock_product_id_foreign` FOREIGN KEY (`product_id`) REFERENCES `products` (`id`) ON DELETE CASCADE,
  ADD CONSTRAINT `user_product_stock_user_id_foreign` FOREIGN KEY (`user_id`) REFERENCES `users` (`id`) ON DELETE CASCADE;
COMMIT;

/*!40101 SET CHARACTER_SET_CLIENT=@OLD_CHARACTER_SET_CLIENT */;
/*!40101 SET CHARACTER_SET_RESULTS=@OLD_CHARACTER_SET_RESULTS */;
/*!40101 SET COLLATION_CONNECTION=@OLD_COLLATION_CONNECTION */;
